Group,Title,comment_type,comment_id_key,parent_id_key,comment,author,date,likes,binary_js,ternary_js,seven_js,binary_ej,ternary_ej,seven_ej,binary_km,ternary_km,seven_km
NewJeans,OMG,node,Ugw69ICrmWdo97saq714AaABAg,,진짜 소름이다..대기업 되더니 막 나가네,@lhj000,2024-04-29T08:12:05Z,8,0,0,2,0,0,2,0,0,1
NewJeans,How Sweet,reply,,UgwLDmFveyIDf8nkIMt4AaABAg,빡치는 사람 많을겁니다 저게 뭐하는건지,@wildbow-i7z,2024-05-24T14:50:48Z,5,0,0,3,0,0,3,0,0,3
NewJeans,Bubble Gum,node,Ugz01JSMx0SIKfG2BQF4AaABAg,,뉴진스 한명 한명 너무 큰 매력을 갖고있음.. 노래 너무 좋다.. 뮤비 감성 너무 좋다.. 미쳤다 그냥..,@youyouussss,2024-04-26T15:33:52Z,2,1,2,0,1,2,0,1,2,0
NewJeans,Supernatural (Part.1),node,UgzILL-yUbLNm5X6x7Z4AaABAg,,자랑스러운 K 팝 뉴진스 화이팅 왜이렇게 귀엽고 이쁜거야 이모가 응원한다!,@J_pinky,2024-06-22T08:51:27Z,40,1,2,0,1,2,0,1,2,0
NewJeans,Bubble Gum,node,UgyiMB9W8PEoSz_BDI14AaABAg,,비눗방울 만드는 방법 아르켜줘서 고마워 혜인아,@또치-k7f,2024-05-13T12:28:03Z,58,1,2,0,1,2,0,1,2,0
NewJeans,OMG,node,Ugx1cWeoMS55Bs706_F4AaABAg,,진짜 정신병이다 사이비는,@하아-d1s,2024-04-28T13:50:32Z,7,0,0,2,0,0,2,0,0,2
NewJeans,Bubble Gum,node,UgyqnDS_DYkk1EU8Vqt4AaABAg,,예쁘다.. 곡도 뉴진스 토끼 애기들도,@im_e_ong,2024-04-27T14:29:07Z,3,1,2,0,1,2,0,1,2,0
NewJeans,Supernatural (Part.2),node,UgzFEHdqnj82jFAR9W94AaABAg,,오 한국어 음원 ㅠㅠㅜㅜ,@ujk12okji,2024-07-04T22:27:15Z,1,1,2,0,1,2,0,1,2,0
NewJeans,OMG,node,UgzBYICLqFS90k7mTit4AaABAg,,0.25배속하고 보셈,@user-wm1hk4ve7d,2024-04-30T17:31:45Z,1,1,1,6,1,1,6,1,1,6
NewJeans,Supernatural (Part.1),reply,,Ugwu5SLJFJGe975zZ714AaABAg,귀엽기만 한데 왜.??,@hokyu-v2n,2024-06-28T01:54:28Z,7,1,1,0,1,2,0,1,2,4
NewJeans,Supernatural (Part.1),node,Ugwq25Ubj_q-fI1xJg54AaABAg,,대놓고 한 미 일 민주주의 동맹국 가사 지렸다.,@awaken7604,2024-06-23T03:11:15Z,11,1,2,6,1,2,4,1,1,6
NewJeans,OMG,node,Ugw_ThJH7LyLElUNx3B4AaABAg,,ㅁㅊ 그만좀지워 하이브야 ㅉ,@Luckhak8,2024-04-28T16:25:27Z,3,0,0,3,0,0,3,0,0,3
NewJeans,ASAP,node,UgxZRa1OjlmI1N-HYPl4AaABAg,,어둠속의 눈들이네 ㅎㄷㄷ  여기도 눈  악마의 갈퀴  눈  뿔 달린 짐승=악마  악마의 손이 선명하게 보임  악마의 발  악마가 당근을 꽂아둠=유혹,@Choon-s2l,2024-04-29T09:25:54Z,726,0,0,4,1,1,4,1,2,4
NewJeans,OMG,node,UgwfWpEebrYnPRd93YR4AaABAg,,검은 긴생머리에 병원에서 흰색환자복입고 저러고있으니 공포영화인줄ㅋㅋㅋ 진짜 뉴진스는 다른 그룹이 따라 부르고 따라서 춤춰도 느껴지지 않는 뭔가 진짜 10대 어린 여자아이들이 가수 된 느낌 배를 오픈해도 너무 애기같아ㅋㅋㅋ 아니 마지막 침착맨 왜 나와ㅋㅋㅋ 마지막 악플러 고소엔딩ㅋㅋㅋ,@KimChoomo3,2023-01-02T11:01:55Z,0,0,1,4,1,1,0,1,1,6
NewJeans,OMG,node,UgyM29vLt7Yki87t8m54AaABAg,,스밍리스트 아시는분 있을까요?????,@sinmwin,2024-04-28T14:59:32Z,13,1,1,6,1,1,6,1,1,6
NewJeans,Zero,node,UgyFkyp54X5Zk9usqPF4AaABAg,,아.. 안돼,@孝文帝元宏,2023-04-18T17:02:08Z,0,0,1,5,0,0,6,0,0,6
NewJeans,OMG,reply,,UgzJGz3pn0gUN2Ada_J4AaABAg,​-qh8uy4ts3f감사합니다. 오늘 영상 제작후 열심히 퍼다 나르겠습니다. 근성으로 장기전 가봅시다 함께 유튜브에도 열심히 퍼나르겠습니다.,@ssccrret,2024-05-06T06:41:46Z,2,1,2,3,1,2,6,1,1,6
NewJeans,Bubble Gum,node,UgzC6Hwj4siEyhqNB9J4AaABAg,,예전만 못해..,@달재앙-v5u,2024-04-27T14:34:23Z,2,0,0,5,0,0,5,0,0,5
NewJeans,OMG,reply,,Ugyej1vah0tddzk-YQN4AaABAg,와.. 개소름이네,@TXT_MOA0513,2024-04-29T13:47:45Z,0,0,0,4,1,2,4,1,2,4
NewJeans,Bubble Gum,node,UgywsqjRNEtm7BngedF4AaABAg,,와아아앙 ㅋㅋ 혜인귀여위,@hmyao9245,2024-05-02T05:03:55Z,3,1,2,0,1,2,0,1,2,0
NewJeans,OMG,node,UgyfXa5QreBxqmjuo7h4AaABAg,,입장표명기사 하나로 해명이 되는게 아닙니다 단월드 곰 단신 뇌교육 싫어요,@honor2the,2024-05-30T01:08:09Z,10,0,0,3,0,0,3,0,0,2
NewJeans,Bubble Gum,node,UgxM2htBZw4xwSGh6954AaABAg,,첨엔 걍 평범하지않나? 싶었는데 눈감아도선명하게~ 어디라도따라갈래~ 이게 계속 계속 맴돌아서... 다시버블버블버블버블검,@user-mp2uz7rq8e,2024-05-12T18:51:48Z,7,1,2,0,1,2,6,1,2,0
NewJeans,Bubble Gum,node,UgxfhGcZUqYJmguEWJV4AaABAg,,응원합니다,@나-t2v,2024-04-27T08:50:41Z,3,1,2,0,1,2,0,1,2,0
NewJeans,How Sweet,node,UgxmW0HWXMovtrnn4Z14AaABAg,,일부러 이상한 댓글 쓰는애들 너무 티난다,@user-ev4sq4ys3k,2024-05-26T14:35:12Z,12,0,0,3,0,0,3,0,1,2
NewJeans,ETA,node,UgzyA1j8DTpvNUWMp754AaABAg,,뉴진스 행복해라ㅜ진짜,@youngpol11,2024-09-03T09:33:02Z,7,1,2,0,1,2,0,1,2,0
NewJeans,Supernatural (Part.2),reply,,UgwIKBRckyZChdGqyQp4AaABAg,그대의 노고와 열정의 큰 박수를 보내드립니다 얼른 뮤비보고 휴식을 취하도록하세요 (주의:이전댓글 ㅎㅇㅂ가수들 악플한번씩 게시글 타가수 끌어드림 ),@BongCha-ri1zu,2024-07-12T09:56:49Z,6,1,2,3,1,2,6,1,2,6
NewJeans,Ditto (side B),node,Ugw5M72O_FUEIKaIsX14AaABAg,,민희진 뉴진스 제발 이대로 영원했으면,@produckkoo,2024-05-01T16:08:34Z,7,1,2,0,1,2,0,1,2,0
NewJeans,Bubble Gum,node,UgwNj2tqwZ74gvw_JvZ4AaABAg,,버니즈가되,@sssspooky,2024-04-28T07:46:23Z,2,1,2,0,1,2,0,1,2,0
NewJeans,OMG,reply,,UgzxmyRroWKQtPn65zN4AaABAg,댓삭방지,@HiHi-bk8be,2024-05-01T16:37:30Z,0,0,0,3,1,1,6,0,1,6
NewJeans,Bubble Gum,node,UgzCz_qYeYtkPqHCRkZ4AaABAg,,행복해라 애들아,@yehyun-td5rj,2024-04-27T08:45:50Z,3,1,2,0,1,2,0,1,2,0
NewJeans,ETA,node,UgzWGi5azxb8QwNvbpR4AaABAg,,음침하게 우리나라 고유 신화(단군 마고 등) 엮어서 사람들에게 반감 정서 만들어내는 친일 목적의 사이비 관련된 세력들 다 조져지길 독도는 우리땅이야,@옹-v9r,2024-05-02T20:11:21Z,20,0,0,2,0,0,3,0,0,3
NewJeans,Hurt,node,Ugz4iXemuGzdMWTubYd4AaABAg,,#하이브 #사이비 #뉴진스차별_멈춰,@hahahahaheheheff,2024-05-14T16:52:41Z,5,1,0,3,0,0,3,0,0,3
NewJeans,Ditto (side A),node,UgziZG23dfv5aEPr7ut4AaABAg,,듣자마자 왠지 모르게 눈물이 계속 나네 .. 사랑 그리움 외로움이란 감정이 한 번에 몰려오는 곡,@햄니-r1e,2022-12-19T13:21:40Z,168,1,2,5,1,1,5,1,2,4
NewJeans,How Sweet,node,UgyS7yiFrYWrilSfmP14AaABAg,,결국은 또 해냈구나,@정만두-v7z,2024-05-25T12:21:18Z,7,1,2,0,1,2,0,1,2,0
NewJeans,Hype Boy' Official MV (MINJI ver.),node,UgzfmrF-6bZqR3F5grB4AaABAg,,노래 개좋다..,@fiziblue,2022-07-23T08:08:22Z,1,1,2,0,1,2,0,1,2,0
NewJeans,Bubble Gum,node,Ugx8t6jWc9gxVNjMNIV4AaABAg,,미치겠다 이건 미쳣다 너무 좋아 들어도 들어도 안질려 이거지 애들 목소리 음색 하나하나 다 잘어울린다 뉴진스 대박나라,@야옹이-taerin,2024-04-30T09:56:09Z,1,1,2,0,1,2,0,1,2,0
NewJeans,OMG,reply,,Ugxjm3i4Ai3MgqSu0Fp4AaABAg,방탄 모델 전부터 코웨이 쓰고 있었는데 바꿔야하나 돌겠네;;;,@user-hz2rh6em3n,2024-04-29T18:49:45Z,0,0,0,3,0,0,3,0,1,4
NewJeans,Zero,node,Ugw3VzDV8NL_0vKUeFV4AaABAg,,하니 자신답게 아이폰 들고 뛰는거 짱 기엽다  나도 모르는 컴백 인줄 알았는데 뜬금없이 코카콜라 맛있다 하는거 짱 웃기다고 ㅋ.ㅋ,@서울우유임실치즈,2023-04-03T11:01:22Z,2,1,2,0,1,2,0,1,2,0
NewJeans,Supernatural (Part.1),node,Ugxq0IrkiAixQ1qssi54AaABAg,,너무 좋다,@姜効住,2024-07-03T10:48:36Z,10,1,2,0,1,2,0,1,2,0
NewJeans,ETA,node,Ugw1GRg0dDvyVtIpbNl4AaABAg,,솔직히 멜로디 좋나 구림ㅋㅋㅋㅋㅋㅋ,@차응우옌,2023-07-26T10:50:32Z,1,0,0,2,0,0,2,0,0,2
NewJeans,OMG,node,Ugy2mgNpk0Gzu5Bfks94AaABAg,,오리는 꽥꽥 오리는 꽥꽥 알바는 댓삭 알바는 댓삭 시혁이는 꿀꿀 시혁이는 꿀꿀 하이브는 사이비 하이브는 사이비,@babyghost33,2024-04-28T15:12:22Z,53,0,0,2,0,0,2,0,0,2
NewJeans,OMG,reply,,UgwO8GhLBLE8e5iM2rF4AaABAg,삭제방지,@Astridd-h9p,2024-04-28T17:25:39Z,0,0,0,3,0,0,6,0,1,6
NewJeans,Bubble Gum,reply,,UgySPZnNAE_njFQdB6V4AaABAg,애초에 그러려고 대체그룹 만들었을거에요,@TokkiPunch,2024-04-29T10:53:14Z,3,0,0,3,0,0,6,0,1,6
NewJeans,Ditto (side A),node,UgweEiM_psLaxZ2PphN4AaABAg,,상황이 상황인 만큼 좀 저도모르게 선입견 두고 영상들 보다보니 저도 뭔가 이렇게 보이네요.. Ditto side A  OMG  /  단 너뿐이야 두 장면이 같은 장면인데 카메라 각도만 다른 것 같구.. 많은 분들이 해석하시는 Ditto side A 가 민희진 탈출 실패 뉴진스 탈출 이라는 가정하에 보면 뒤에 있는 학생들이 정말 무섭게 지켜보는 듯한 느낌이 있네요. 민희진 본인은 어떠한 상황을 이미 알고 있기에 시선을 많이 느끼고 뒤돌아서 춤추고 있어 그런 시선조차도 모르고 있는 뉴진스 같은 느낌? 뉴진스 모르게 어떻게든 지켜주려고 하는 듯한 느낌도 있네요.. 똑같은 상황으로는 Ditto sid A ~ OMG  이미 Ditto 영상에 OMG 도 깔려있고 겹쳐있는 부분도 많고 Ditto는 암시할 수 있게 메시지를 많이 심어둔 것 같고 OMG는 그런 Ditto의 메시지 바탕으로 이미 많이 물들어진 심각성?..일려남..,@jungjiwook81,2024-05-04T19:19:26Z,4,0,0,3,0,1,6,1,1,6
NewJeans,OMG,reply,,UgyZ8RUVago84lg2sN14AaABAg,아다리가 너무 들어맞아서 소름,@깡고리즘의덫,2024-04-28T11:01:48Z,86,0,0,3,0,0,4,1,2,4
NewJeans,ETA,node,UgyQxRtBz7Y-pJ6Lf0B4AaABAg,,하이브랑 ㅅㅇㅂ가 관계 있다고 상상도 못했는데 파면 팔수록 소름이다... 이미 하이브는 ㅅㅇㅂ 그 자체인듯 가사 첨 들었을 때 이렇게 세세하게 설정해서 말한다고? 의아해했는데 국민 힙합 그 자체였네,@햄므룩,2024-04-28T15:46:42Z,21,0,0,4,0,0,4,1,1,4
NewJeans,OMG,node,Ugz2KhtQRvSsQQF1T5t4AaABAg,,뱅~시혁은 단월드,@Hollysoo303,2024-04-29T05:57:32Z,6,0,0,2,0,0,2,0,1,6
NewJeans,Attention,reply,,Ugzejcl5ihfA4qhIKb14AaABAg,찾아보니 진짜중고딩이네... 쩝... 노래좀 신나는걸 하지,@sky4428,2023-05-29T01:14:02Z,0,0,0,2,0,0,2,0,0,2
NewJeans,Supernatural (Part.1),node,UgwY-a7pOhWYGnx9Ijd4AaABAg,,90년대 감성을 kpop이 이끄는건가?? 노래 너무 좋다,@skyisthelimit8039,2024-06-21T04:30:29Z,0,1,2,0,1,2,0,1,2,0
NewJeans,Supernatural (Part.2),node,Ugztg3PR8b5fkLexhKN4AaABAg,,파트1 일본어가 파트2에서 한국어로 바뀌면서 약간다른 의미로 바뀜       이미알고있어(모싯데이루)-알아차렸어 찾게될거야(미츠케라레루요)-여기 빛나고 있어 어쩔 수 없지 조금만 더 기다려(쇼가나이 모스쿠시 마테)-띄어봐 하늘로 날아갈때 나와 너(와타시토 아나타)-돌아와서 너와 나,@aaa-uc2ep,2024-07-04T15:20:05Z,351,1,1,0,1,2,6,1,1,6
NewJeans,Right Now,node,UgwKPTJH-gl9Xf3259h4AaABAg,,이번 신곡 너무 좋아,@렙흐,2024-06-22T09:44:53Z,12,1,2,0,1,2,0,0,2,0
NewJeans,Bubble Gum,node,UgxIFBQbYqKePuw2duZ4AaABAg,,국힙원탑 희진누님의 위대한 작품,@dorgiela,2024-04-26T19:25:36Z,6,1,2,0,1,2,0,1,2,0
NewJeans,ETA,node,UgyUpMhNReqPagW2Vb14AaABAg,,팜하니 너무 귀여워서ㅠㅠㅠ‍️🫶,@jxyoung8,2023-07-25T14:04:07Z,2,1,2,0,1,2,0,1,2,0
NewJeans,OMG,node,UgyyjvA4Hsqp8cJrVWF4AaABAg,,30초전 댓글이 삭제 당한걸 두 눈으로 목격했어요;;,@윤구-m3h,2024-04-30T11:07:33Z,9,0,0,4,0,0,4,0,1,4
NewJeans,How Sweet,node,UgwUMYTuS_M0q1M9eCJ4AaABAg,,조회수 왜 안늘어요?ㅡㅡ,@윤영준-e3h,2024-05-28T07:27:17Z,3,0,0,3,0,0,3,0,0,3
NewJeans,How Sweet,node,UgzLEz8ODgTz1aNPb294AaABAg,,뉴진스가 뉴진스했네,@김다영-h7w,2024-05-25T09:10:22Z,3,1,2,0,1,2,0,1,1,6
NewJeans,How Sweet,reply,,Ugynt3Bl6eE-1oFYuzN4AaABAg,어 ㅋㅋㅋㅋ 넌 평샏 알바나해 ㅋㅋ,@1251-x1s,2024-05-26T03:44:42Z,0,0,0,2,0,0,2,0,0,2
NewJeans,OMG,node,UgyGvWVLaxrWVuwEbyt4AaABAg,,에 단 너뿐이야 할때 민지 두명임..제발 봐보세요,@user-gm4hb9ee2o,2024-04-29T01:47:01Z,25,1,1,4,1,2,4,1,1,4
NewJeans,Zero,node,UgwrWaIOQLPm7ewLn4x4AaABAg,,색감 미쳤다,@잃어버린_신용카드,2023-04-04T12:34:26Z,0,1,2,0,1,2,0,1,2,0
NewJeans,OMG,node,UgwvgpERWIfWW1VwXDd4AaABAg,,하이브 단월드 입장 내놔라,@대한독립만세-x6g,2024-05-06T12:39:45Z,2,0,0,3,0,0,3,0,1,3
NewJeans,How Sweet,node,Ugze4GCwC_GuiQH_Z3B4AaABAg,,개갓이 좋아요,@loveishere-qc7mx,2024-05-24T07:11:37Z,0,1,2,0,1,2,0,1,2,0
NewJeans,Ditto (side A),node,UgzdTkgls8Be534bZEl4AaABAg,,친구들과 함께한 추억을 캠코더에 담아 그들이 곁에 없는 지금 그 장소를 되짚어가며 여기서 춤을 추고 놀았지! 처럼 빈 공간에 친구들을 덧씌워 보고 있는거 같아요,@roundy-round,2022-12-25T06:47:04Z,8,1,2,0,1,2,0,1,2,0
NewJeans,Supernatural (Part.1),node,UgzO-6Jn--203Ylc4ZV4AaABAg,,뉴진스 사랑해,@user-iz5po3ps9x,2024-06-21T05:35:57Z,1,1,2,0,1,2,0,1,2,0
NewJeans,OMG,node,Ugylt-82xKoRWMO4OWN4AaABAg,,단월드 단월드 단월드 하이브 사이비,@kpop_mysaengmyeongsu,2024-04-28T10:48:11Z,5,0,0,2,0,0,2,0,0,2
NewJeans,OMG,reply,,UgyjSuunJ19sLulMp4t4AaABAg,제정신들이 아니노 ㅉ ㅉ ㅋㅋㅋㅋㅋ 대통도 무당말듣고 국정보는 나ㅉ라,@오토케나,2024-05-01T05:54:00Z,1,0,0,2,0,0,2,0,0,2
NewJeans,Supernatural (Part.1),node,UgyZ-9IVdte0M9fYUnt4AaABAg,,방송3사에서 고화질 직캠 무대 줬으면 좋겠다. 진지하게.,@nada-ye4ky,2024-06-21T04:24:30Z,0,1,2,0,1,2,0,1,2,0
NewJeans,Bubble Gum,node,UgxPFRYPnbBcEUIITOx4AaABAg,,뉴진스 민희진 떨어지면 안되는 조합 ..,@doharu2647,2024-04-27T04:37:53Z,9,1,2,0,1,2,0,1,2,0
NewJeans,ETA,node,UgxNsEUtW15caS3kdnh4AaABAg,,E:이제는 T:더이상 물러날곳이 A:없다,@bbearongeda,2023-08-17T10:22:11Z,2,1,2,0,1,2,6,1,1,6
NewJeans,Bubble Gum,node,UgwzFSObQHD4ZJLQYxR4AaABAg,,버블검과 함께 상쾌한 아침 시작,@smartshipmoon,2024-05-19T20:31:45Z,18,1,2,0,1,2,0,1,2,0
NewJeans,OMG,node,UgxBRE_YjWUu0xHrWKZ4AaABAg,,백설공주 누워있는 이 장면이 여자친구 애플 뮤비에도 나왔음 곰이 여자친구를 잡아 먹었다ㅠㅠ,@달-b8f,2024-05-07T04:47:43Z,11,0,0,4,1,2,6,1,1,5
NewJeans,Bubble Gum,node,Ugy40U6wYNShWy4ESAZ4AaABAg,,뉴진스는 민희진 아이들이다. 방가는 뺏지마라.,@mikiyung1,2024-04-28T12:42:34Z,3,1,2,3,0,0,3,1,1,3
NewJeans,OMG,reply,,UgwhP1oh_2RaXzLQRkR4AaABAg,ㄴㄴ 6:33임,@배꼬질동거녀,2024-04-28T22:45:11Z,0,0,0,6,0,1,6,0,1,6
NewJeans,Right Now,node,UgzZXxMlFSNMEtOwnyV4AaABAg,,아이돌 관심없고 하입보이도 이제서야 들어본 사람인데 뮤비가 이렇게 귀여울 수 있나 싶네요. 괜히 뉴진스 힙하다고 하는게 아니네요.,@takara8111,2024-06-17T13:02:41Z,375,1,2,0,1,2,0,1,2,0
NewJeans,How Sweet,node,Ugx1mz2yi8B69ZEnPHR4AaABAg,,뉴진스 너무 예쁘다 어쩜 이렇게 예쁘고 귀엽지? 라이브도 잘하고 춤도 잘추고 힘들텐데도 계속 웃고 있어줘서 고마워! 뉴진스 사랑해 가끔 너무 힘들때엔 울기도 하고 화내기도 해봐 버니즈들이 옆에서 들어줄게 버니즈들은 항상 뉴진스 편이야! 뉴진스가 어떤말을하던지 무슨말을 하던지 항상 지켜보고 응원할게! 옆에서 항상 묵묵히 지켜보고 있을게:) 뉴진스 항상 응원하고 고맙고 미안해 민지 하니 다니엘 혜인 해린 다들 고맙고 미안하고 사랑해:) (이 댓글이 삭제 된다면 제가 지운게 아닌 하이브가 지운 것으로 생각해주세요;) ),@퐁듚이에요,2024-05-28T08:25:33Z,6,1,2,0,1,2,0,1,2,0
NewJeans,Bubble Gum,reply,,UgxO4ez_3uwV-9AJtvB4AaABAg,그..지금도 프로모 돌린상태인데요.. 아예 안돌리는경우는 없어요,@TheRuinwizard,2024-04-27T13:42:33Z,4,0,0,2,0,1,6,1,1,6
NewJeans,Zero,reply,,Ugz8gzOX6TQEcGUqh_V4AaABAg,광고음악,@윤효-n7h,2023-04-03T12:25:49Z,0,0,0,2,1,1,6,0,1,6
NewJeans,ETA,node,UgxDfAodF0jKpP-nWbN4AaABAg,,뉴진스 노래 너무좋아요,@SuperShyBernies,2023-10-06T00:49:21Z,4,1,2,0,1,2,0,1,2,0
NewJeans,Supernatural (Part.1),reply,,UgxPDfZ-HLG8cn2Gv4p4AaABAg,​@-rf2yf4yu7e짐 이 영상만 400만뷰에 글로벌인기 2위 안보이나? 이제 막 2일차임,@이창열-x5l,2024-06-23T12:56:30Z,0,0,0,3,1,2,4,1,2,0
NewJeans,OMG,reply,,Ugx740fBpNKlFCRWeuR4AaABAg,와 이뒤에 쓴 링크 댓글 사라짐 ㄷㄷ,@jee_11,2024-04-28T15:26:09Z,1,0,0,4,0,0,4,0,0,4
NewJeans,OMG,node,UgwsAtoJXpWGCKOf_YR4AaABAg,,OMG 스밍 열심히해주세요!!,@히히쫑람지,2024-04-28T14:08:37Z,1,1,2,0,1,2,4,1,1,0
NewJeans,OMG,node,UgwY7gsySpdDJUYLXJF4AaABAg,,팩트)) 민희진이 기자회견 후 인터뷰하러 간곳은 다름아닌 CBS기독교 방송국이다.,@Grace-ku2lx,2024-04-30T00:29:02Z,1761,0,1,6,0,1,6,0,1,6
NewJeans,OMG,reply,,UgwzYlMHc2qXC9HVJB94AaABAg,더 단으로 발음했으면 좋겠다고 디렉팅 했어요 진짜 개또라이들,@욘보-v9z,2024-04-28T21:39:38Z,1,0,0,3,0,0,2,0,0,3
NewJeans,How Sweet,reply,,UgwuVniXtE6QJI4icpt4AaABAg,알바 아니고 민희진 편이라고 정의하고 싶지도 않아 정말 이대로 가다간 k팝이 단ㅇㄷ에 세뇌당해버릴 것 같아서 무서워 ㅎㅇㅂ에서 댓글알바하고 알지도 못하면서 논점 흐리는 사람들은 제발 정신들 좀 차렸으면,@onn_azzj,2024-05-28T03:41:04Z,0,0,0,1,0,0,1,0,0,2
NewJeans,Bubble Gum,node,UgxLMLkVCAH2TB2AMQN4AaABAg,,대박이네... 빠져든다,@지니여니-l5s,2024-04-27T04:23:35Z,0,1,2,0,1,2,0,1,2,4
NewJeans,Supernatural (Part.1),reply,,Ugyw5dNinZyHRI-l8St4AaABAg,개저씨 ㄴㄴ 개줌마 ㄴㄴ 참저씨 참줌마,@Devhee_23,2024-06-21T08:01:49Z,2,1,1,6,0,0,2,0,1,0
NewJeans,OMG,node,UgyNpcDKbssqJbOBK9F4AaABAg,,노래가 역시나 좋기는한데 타 아이돌만큼 좀 무난무난함.. 뉴진스는 걸그룹 특유의 랩이 없어서(?)좋았는데 역시나 들어갔네... 오히려 디토가 너무 센세이션해서 그걸 넘진 못한거같음... 근데 뮤비는 좋당! (개인적 의견입니당!),@yaho8956,2023-01-02T09:17:10Z,0,1,1,5,1,1,6,0,1,6
NewJeans,OMG,node,UgwBVYPMC6JiqyUaGrh4AaABAg,,방장 연기 금지 비쥬얼로만 승부,@tsudori,2023-01-02T14:05:51Z,0,0,1,0,0,1,6,0,1,6
NewJeans,Bubble Gum,reply,,UgznduRFQ60q-P10O0t4AaABAg,그 영상을 올리던 사람들이 다른 일을 해야해서 바쁜게 아닐까요?,@Ttlass,2024-04-29T19:14:02Z,0,0,0,2,0,1,6,0,1,6
NewJeans,OMG,node,UgxCDk9-NEfWGkGD1G94AaABAg,,댓글 지우시는거 즐거우시냐고요 ㅎ,@이리노,2024-04-28T12:43:31Z,11,0,0,3,0,0,3,0,0,3
NewJeans,Hurt,node,UgxuUdC-kxcqstkrXMZ4AaABAg,,아 진짜 청순하고 미치겠다ㅠ 진짜 사랑해,@sunflower__34,2022-07-24T15:12:32Z,1,1,2,0,1,2,0,1,2,0
NewJeans,Attention,reply,,UgxafBVSLOi2zk_XBUJ4AaABAg,너무 길어. 내려가,@일하는개미를보는짱구,2022-10-10T05:36:11Z,9,0,0,2,0,0,6,0,0,3
NewJeans,Bubble Gum,node,Ugyp-ORhgmwEWBF3ZKx4AaABAg,,뉴진스 정상으로 가자 !!!!!!!!!!!!!!!!!!!,@user-hc8wx1yb3o,2024-04-28T09:37:38Z,1,1,2,0,1,2,0,1,2,0
NewJeans,How Sweet,node,Ugz9R49nV0GEeel9XGR4AaABAg,,연령제한 풀렸나요?,@하이어터-j5k,2024-05-27T23:35:03Z,3,0,0,3,1,1,6,1,1,6
NewJeans,OMG,node,UgxwBdSmhwkIAgHeeYp4AaABAg,,여러분 꾸준히 댓글 달아주시고 오엠지 스밍해주세요 댓글 좋아요 많으면 안지우니까 보는 댓마다 하트 눌러주세요~ 시혁아 그 시간에 살빼자ㅜㅜ,@gaxun1,2024-04-28T11:49:29Z,25,0,2,0,1,1,6,1,0,0
NewJeans,Attention,node,Ugyzog71K3JEo76VdRR4AaABAg,,뉴진스 사랑해,@lisas5107,2024-06-26T12:33:29Z,10,1,2,0,1,2,0,1,2,0
NewJeans,Right Now,node,UgzqydFlz6bptbYp_Lt4AaABAg,,행복한 노래와 mv,@MHS-cu5fo,2024-06-18T04:19:21Z,4,1,2,0,1,2,0,1,2,0
NewJeans,Right Now,node,Ugw1qLl-YRIRGhnoF2d4AaABAg,,진짜 역대급 그냥 레전드임,@bbomindoong,2024-06-19T15:01:50Z,6,1,2,0,1,2,4,1,2,4
NewJeans,OMG,node,UgwgbhyUAlNg_WFZsel4AaABAg,,꿈에서 깨워주지 마..,@yhzz6569,2023-01-07T06:08:17Z,0,1,2,0,1,2,0,1,2,0
NewJeans,Bubble Gum,node,UgxI36FUPq7FordSC054AaABAg,,그 그룹을 안절부절못하면서 먼저 데뷔시킨 이유가 있네ㅋㅋㅋ 걍 모든 면에서 뉴진스보다 개쳐발리니까ㅋㅋㅋㅋ,@뀰-w8u,2024-04-26T15:37:16Z,5,0,2,3,0,0,3,0,0,3
NewJeans,Bubble Gum,reply,,UgwpLZzwIMPUQDAh4Ip4AaABAg,@-nq9qp 맞아 코노방 수준 근데 왜 파이 다 털림?코노방 수준한테 다털리네 ㅋㅋㅋㅋㅋ,@exeking0,2024-05-02T22:07:00Z,0,0,0,3,0,0,2,0,0,3
LE SSERAFIM,Smart,node,UgyChMOxWLG2CjZmIUR4AaABAg,,안녕하세요 중학교 2학년 학생입니다 도덕시간에 선플달기 과제를 하고 있습니다 노래도 너무 좋고 뮤비도 정말 멋지네요! 르세라핌 화이팅!!,@1-xr2wy,2024-03-24T23:31:05Z,2,1,2,0,1,2,0,1,2,0
LE SSERAFIM,ANTIFRAGILE,node,UgwFm0I69kpattLrk8F4AaABAg,,언니들 사랑해,@kimramg,2022-10-18T16:31:23Z,1,1,2,0,1,2,0,1,2,0
LE SSERAFIM,EASY,node,UgxhTAZ2G93DyWP3bj94AaABAg,,이런거보면 외국애들 취향 겁나 이상하다ㅋㅋ 진짜 이런 후진 노래를 뭐가 좋다고ㅋㅋ 진짜 K팝은 한국과 글로벌 2개로 나눠진게 맞다. K팝 세계맵 조사팀 발표에서도 한국내 K팝과 해외 K팝은 완전히 다르다고했다. 근데 어차피 본고장인 한국에서 입는거 먹는거 추는거 다 외국으로 나가는거라 한국내 K팝이 가장 중요하다고 생각한다.,@HeungMinSon_7,2024-05-16T01:31:28Z,3,0,2,2,0,0,2,0,0,2
LE SSERAFIM,ANTIFRAGILE,node,UgxPcHOu1F6k1E2PImF4AaABAg,,무비 압도적인데...? 타 아티스트들이랑 비교하잔 건 아니지만... 마구잡이 포토샵으로 처음부터 끝까지 비슷한 느낌이 아니라 다채롭고 외국인들이 그렇게 좋아하는 유명한 틱톡 감성이나 필름 디지털 감성도 섞여있고 헌대 기술도 잠시 나오고... 젊음의 소리는 역시 반항이죠.,@Dawn._,2022-10-22T23:49:55Z,6,1,2,0,1,2,4,1,2,0
LE SSERAFIM,CRAZY,reply,,Ugxo2LKotzPZvTmTRNl4AaABAg,당신의 상태는 왜 그런 겁니까,@ヤマタ_ギレギ,2024-08-30T05:18:25Z,1,0,0,2,0,0,2,0,1,2
LE SSERAFIM,Smart,node,Ugx_FjM96J3oZfrxFxZ4AaABAg,,정,@바람바람-c4r,2024-09-15T02:36:48Z,0,0,1,2,1,1,6,0,1,6
LE SSERAFIM,CRAZY,reply,,UgzFGO6dcf2MmxO8xbB4AaABAg,정신줄 놨네 민천지들 ㅋㅋㅋㅋ 대표직 짤리고 배신돌 낙인 찍히고 ㅋㅋㅋㅋ,@배민스런뉴진스런,2024-09-01T18:41:22Z,4,0,0,2,0,0,2,0,0,2
LE SSERAFIM,Perfect Night,node,UgxdZbYGROpovV-ErTZ4AaABAg,,르세라핌은 힙합이다..,@도로로-v3q,2023-11-01T02:16:24Z,5,1,2,0,1,2,0,1,2,0
LE SSERAFIM,Impurities,node,UgxMgXthkn4bj52GkFJ4AaABAg,,눈을 뗄수가 없다..,@gayoungjung171,2022-11-14T11:09:15Z,4,1,2,0,1,2,0,1,2,4
LE SSERAFIM,CRAZY,reply,,UgxaBlt7bi6Fguw3WPp4AaABAg,ㅋㅋㅋㅋㅋㅋㅋ그러면서 카즈하는 엠알 제거에서 노래 안 부름,@jinalee9612,2024-09-01T02:22:16Z,2,0,0,2,0,0,2,0,0,2
LE SSERAFIM,ANTIFRAGILE,node,UgyJBh75y0APml5lPM54AaABAg,,용서받고싶니?,@BECO0419,2022-11-03T10:15:46Z,2,0,1,6,0,0,2,0,1,6
LE SSERAFIM,UNFORGIVEN (feat. Nile Rodgers),node,UgwTtzNAk5YOgGRcTol4AaABAg,,와.. 중독성 개쩐다. 언포기븐.. 언포기븐..,@young.d.p.2058,2023-05-01T21:55:31Z,2,1,2,0,1,2,4,1,2,0
LE SSERAFIM,EASY,node,UgzbRbM3wf92nzt8Mg54AaABAg,,그냥 대놓고 전시안  동성애? 적그리스도 나올준비? 그리스도인들은 휴거준비?,@이종건-o6i,2024-03-05T07:45:17Z,2,0,0,3,0,0,2,0,1,2
LE SSERAFIM,CRAZY,node,UgyMUtX1VY5N8mkY9rp4AaABAg,,은근히 매력있네 이노래,@jhonnymaster4400,2024-09-12T21:35:28Z,12,1,2,0,1,2,0,1,2,0
LE SSERAFIM,FEARLESS,node,Ugx_6BFsgviJNsluXzV4AaABAg,,하이브 큰그림 희망 i - land 2에 누구누구나올까ㅎ. 뭐 투표로 민심한번 보러 나오는것도 낫베드,@남김랑영,2022-09-19T19:31:23Z,3,1,1,6,1,2,6,1,1,6
LE SSERAFIM,FEARLESS,node,UgyP5AHoUJQMX-_7Yul4AaABAg,,얼마예요,@gegefayed9139,2022-06-09T23:25:42Z,0,1,1,6,1,1,6,0,1,6
LE SSERAFIM,CRAZY,reply,,UgzFKYhqqWSUMFAXO5J4AaABAg,@ 김베이컨 저 사람 여기에 악플 다는 사람이예요.,@mlktss245,2024-09-13T12:59:16Z,0,0,0,3,0,1,6,0,1,6
LE SSERAFIM,"이브, 프시케 그리고 푸른 수염의 아내",node,Ugypy2no0eymUSxqCEl4AaABAg,,미쳐... 역시! 르세라핌.,@꿈꾸는오시리스,2023-05-23T15:09:45Z,0,1,2,0,1,2,0,1,2,0
LE SSERAFIM,"이브, 프시케 그리고 푸른 수염의 아내",reply,,UgxlIkrETEDDG9b4og54AaABAg,네,@정유정-s4z,2024-04-28T13:40:02Z,3,1,1,6,1,1,6,1,1,6
LE SSERAFIM,CRAZY,node,UgyW_LWikIxMkHoOHwl4AaABAg,,가창력 춤 되는 뉴진스 남바르원!,@최익현-k9b,2024-09-10T13:59:45Z,3,1,2,0,1,2,0,1,2,0
LE SSERAFIM,CRAZY,reply,,UgzVJrHpNEouw5Wo7aR4AaABAg,싸패 토끼 또 겨들어왔네 니 취향에 맞게 가서 미니진이 쌍욕하고 즙짜는 목소리나 무한재생해서 들어 ㅋㅋㅋㅋ,@민천지헤드샷,2024-09-06T19:14:54Z,0,0,0,2,0,0,2,0,0,3
LE SSERAFIM,EASY,node,Ugw8V3SSAh_0FdrrRl94AaABAg,,불공평해요 사쿠라와 은채는 더 많은 대사를 할 자격이 있고 카즈하는 사쿠라와 은채보다 더 많은 대사를 해서는 안 됩니다. 왜냐하면 그녀는 래퍼이기 때문입니다. 그들은 다른 멤버들에게 빛을 주어야 하며 항상 채원과 유진은 아닙니다.,@nr_hyf5,2024-02-19T11:52:15Z,0,0,0,3,0,0,3,0,0,3
LE SSERAFIM,FEARLESS,node,UgyGBR3fAFoYDakAdAd4AaABAg,,피어리스 허!,@내가기린그린그림,2022-08-06T02:55:22Z,2,1,2,0,1,1,6,1,2,0
LE SSERAFIM,EASY,reply,,UgwOkIPovIW4rhO2ZDZ4AaABAg,ㅋㅋㅋ뭐래는거얔ㅋㅋㅋ짱구모독죄?ㅋㅋㅋ님이 뭔데 꺼지라 마라야 님이나 꺼지세요 기독교를 믿는 사람을로써 자신에 종교를 악의적으로 이용하고 모욕하는데 누가 가만히 있겠냐고 당연히 화나고 기분 나쁘지!!! 다른 댓글 단거 보니까 무신론자 같은데 걍 님 갈길가쇼!,@Viki-v3d,2024-05-05T04:41:36Z,0,0,0,3,0,0,3,0,0,3
LE SSERAFIM,EASY,node,UgwqbD9E9bG0vjGlsgt4AaABAg,,힘든 하루 퇴근곡..,@hy-qe3ph,2024-05-07T08:12:28Z,4,1,2,0,1,2,6,1,2,0
LE SSERAFIM,Impurities,reply,,Ugx459dONPIGr7r3L9J4AaABAg,니겠지,@user-mp2cr3px6w,2024-05-20T23:12:42Z,14,0,0,5,0,0,6,0,1,6
LE SSERAFIM,Impurities,node,UgxszgeA9S0ESoAPk6h4AaABAg,,채원,@JO-bc9jo,2022-11-13T15:15:11Z,0,1,2,0,1,2,6,1,1,6
LE SSERAFIM,FEARLESS,node,Ugz2zAUf42GfGMDoj5t4AaABAg,,사쿠라의 춤실력은 많이 나아지는 것 같아 윤진은 완전히 찢었어 카즈하는 여전히 우아하게 이뻐 근대 안무가 과하게 섹시한 거 아닌가 미성년자가 있는데 아무튼 하이브가 르세라핌을 잘해줘 그녀들은 사람이에요 상품은 아니에요 여자친구처럼 갖다 버리지마세요 르세라핌는 대박나세요.,@大家好我是傑尼斯阿斷,2022-05-03T03:13:21Z,27,1,2,0,1,2,0,1,2,0
LE SSERAFIM,Perfect Night,node,UgyFJkhixYaZMZtmR_94AaABAg,,개인적으로 노래가 너무 내스탈임 ㅠㅠㅜㅜ,@사나지,2023-11-07T11:19:07Z,26,1,2,0,1,2,0,1,2,0
LE SSERAFIM,CRAZY,reply,,UgxOOY1NQPKfeF4IQZZ4AaABAg,솔직히 말하자면 논란 떠라 ㅋㅋㅋㅋ,@sangeunlee8881,2024-08-31T15:40:03Z,2,0,0,2,0,0,2,0,0,2
LE SSERAFIM,UNFORGIVEN (feat. Nile Rodgers),node,UgwPM4YYKC6QklyM7lV4AaABAg,,진짜 개소름돋네;;,@민경-o2s,2024-04-29T10:07:18Z,12,1,2,0,1,2,4,1,2,0
LE SSERAFIM,Smart,node,UgzohQ0-BdaHyrAlUFZ4AaABAg,,겨울에 이런 열정적인 곡을 준비하다니.. 이지 스완 스마트로 이어지는 각기 다른 앨범 컨셉준비하느라 고생했다 왜 인정받을 수 밖에 없는 아이돌그룹인지 증명해 낸 결과물인듯,@nosurprises9015,2024-03-05T22:04:31Z,40,1,2,0,1,2,0,1,2,0
LE SSERAFIM,FEARLESS,node,Ugzw27AopDM-VB_6jtR4AaABAg,,김채원 그냥.. 예쁘다.. 그냥 예뻐..,@BusinessStrategyTheory,2022-05-02T09:03:54Z,1,1,2,0,1,2,0,1,2,0
LE SSERAFIM,FEARLESS,node,Ugxuqs3Hs2aXUePlgg94AaABAg,,잔잔한듯..,@hikim8592,2022-05-02T10:15:54Z,0,1,2,0,1,1,6,1,2,0
LE SSERAFIM,Impurities,reply,,Ugxd5FP8kBRMhemDvxl4AaABAg,소름,@zevisu5066,2024-05-16T17:00:20Z,1,1,2,4,1,2,4,1,2,4
LE SSERAFIM,"이브, 프시케 그리고 푸른 수염의 아내",node,UgxVzf5IgEFKvh2uixt4AaABAg,,중독성 링딩동 급이네요,@jimin0522,2023-05-23T23:15:56Z,4,1,2,0,1,2,0,1,2,0
LE SSERAFIM,EASY,node,UgxpOgwPtHKv5Q0ZhnR4AaABAg,,1억뷰 가자,@꼬먕즈,2024-09-04T11:16:56Z,15,1,2,0,1,2,0,1,2,0
LE SSERAFIM,ANTIFRAGILE,node,UgzhDWAoEU_S6TExlYt4AaABAg,,1억 돌파~추카추카 ㅎ,@daydays7301,2023-01-13T19:11:40Z,6,1,2,0,1,2,0,1,2,0
LE SSERAFIM,"이브, 프시케 그리고 푸른 수염의 아내",node,UgyJxyIsTvALiSWDHfV4AaABAg,,홍은채,@Jennyyywyz,2024-05-22T13:14:11Z,1,1,2,0,1,2,6,1,1,6
LE SSERAFIM,ANTIFRAGILE,node,Ugw-mSQgVylMoPPZ3k94AaABAg,,뮤직비디오가 정말 잘 나왔다.,@En-MATTW,2022-10-18T14:15:15Z,1,1,2,0,1,2,0,1,2,0
LE SSERAFIM,UNFORGIVEN (feat. Nile Rodgers),node,Ugwe-dKmAS_sHFi1yCd4AaABAg,,케이크 일장기,@uzzuuzzuzzuz,2024-05-03T10:44:16Z,18,0,0,2,0,0,2,0,1,4
LE SSERAFIM,Smart,node,Ugzt4dMa8NjrAdz2NkJ4AaABAg,,책 혘디냐ㅜㅑㅋ,@Ssssyilan,2024-05-05T10:07:48Z,0,1,1,0,0,1,6,1,1,6
LE SSERAFIM,CRAZY,node,UgxzkNNfEy3uOiCVc3J4AaABAg,,최고.,@Outis___,2024-08-30T04:20:38Z,1,1,2,0,1,2,0,1,2,0
LE SSERAFIM,CRAZY,node,Ugw3XBmlneSbLP7gPAZ4AaABAg,,ㅈ구리네 ㅋㅋㅋㅋ,@skdng9403,2024-08-30T13:24:41Z,7,0,0,2,0,0,2,0,0,2
LE SSERAFIM,Smart,reply,,UgyT4GssGqvd78nTbXh4AaABAg,뉴진s랑 ㄹㅅ ㅔ라피 ㅁ 관련 댓글이었는데,@으-l2v,2024-05-04T01:28:23Z,1,0,1,6,0,1,6,0,0,6
LE SSERAFIM,FEARLESS,node,UgyW4fBYUHSJckwZvm54AaABAg,,와.! 존예..,@백복남,2022-05-02T09:07:01Z,0,1,2,0,1,2,0,1,2,0
LE SSERAFIM,CRAZY,node,UgxgXHVSHGyn00Wa5Z94AaABAg,,2015년도 HM 들어온줄...,@p30413,2024-09-03T05:47:24Z,3,0,1,2,1,1,6,0,1,5
LE SSERAFIM,Smart,node,UgwpEdiJyHkB1NsN7Ot4AaABAg,,르세라핌은 언제나 ㄹㅈㄷ임,@챠카챠카,2024-03-11T12:20:25Z,3,1,2,0,1,2,0,1,2,0
LE SSERAFIM,Perfect Night,node,UgwbfMHFqGIN7YIMhiV4AaABAg,,메카 2초컷 실화?,@wolfpower-cz9md,2023-10-27T11:52:42Z,1,0,0,4,1,1,4,1,1,4
LE SSERAFIM,UNFORGIVEN (feat. Nile Rodgers),node,Ugzn5id0BNdytrZ2Cbp4AaABAg,,블랙핑크에 같은 장면이 있어서 블랙핑크에서 훔쳐온건데 여자분들 탓은 아닌데 결국 회사에서 시키는대로 하니까,@-E-WA-,2023-05-03T15:16:39Z,3,0,0,3,0,0,6,0,0,2
LE SSERAFIM,ANTIFRAGILE,node,Ugz9oZGKTm-N-SNuXDB4AaABAg,,지구젤리먹는 은채 넘 귀여여우어...,@hyateehyateeho,2022-10-17T00:09:20Z,3,1,2,0,1,2,0,1,2,0
LE SSERAFIM,EASY,node,UgzVL8tGn58AF_dP8aV4AaABAg,,KBS야 제발 좀 어디가 방송이 불가능한지 알려줘,@ionlyneed,2024-02-19T09:14:59Z,0,0,0,3,0,0,5,0,1,4
LE SSERAFIM,Smart,node,UgwvrZb3BQ1wEln1kI94AaABAg,,지금 추세면 8월 말까지 1억 가겠네.,@Lovewinsall0909,2024-08-08T10:48:20Z,11,1,2,0,1,2,4,1,2,4
LE SSERAFIM,EASY,node,UgzB8XP9y0OsZebBkth4AaABAg,,천주굔데 성당에 왜 십자가 없나 했다...이런ㅆ1,@yelim-e4c,2024-04-30T06:10:07Z,89,0,0,3,0,0,3,0,0,3
LE SSERAFIM,CRAZY,node,UgzOUzysTl1M5f3j1_F4AaABAg,,카즈하 쌍수 왜함.¿ 망해노 ㅋㅋ,@김녕-l1d,2024-08-30T04:26:38Z,0,0,0,2,0,0,2,0,0,2
LE SSERAFIM,CRAZY,node,UgzknOYR_GFNfC1jeJN4AaABAg,,어떻게 음원에서마저 이렇게 발성이랑 딕션이 구리냐.. 그냥 춤만 춰라 은채야 ㅠㅠ,@yukkhwae,2024-08-31T03:34:38Z,9,0,0,2,0,0,2,0,0,5
LE SSERAFIM,UNFORGIVEN (feat. Nile Rodgers),node,UgwWuOoQcyOeQmfdq014AaABAg,,그니까 이 노래는 일본은 한국에 한 짓에 대해 용서받을 필요 없다는 메세지인 거네?,@신구-m4q,2024-05-06T18:19:58Z,30,0,0,3,0,0,2,0,1,2
LE SSERAFIM,Impurities,reply,,UgyVDLGDbbe24zXqCyB4AaABAg,오우!! 맞아요우 ㅎㅎ,@seungjune4088,2022-11-13T15:01:32Z,0,0,2,0,1,2,0,1,2,0
LE SSERAFIM,Perfect Night,node,UgwSNztcb5mLCM9PSop4AaABAg,,대 버 워 치,@rainyday27,2023-12-27T06:58:20Z,4,1,2,0,1,1,6,1,2,0
LE SSERAFIM,CRAZY,reply,,Ugyf1SeARObn8PiDAtt4AaABAg,진심임?,@그냥-s9h7i,2024-08-31T11:48:56Z,0,0,0,3,0,0,4,0,1,4
LE SSERAFIM,Perfect Night,node,Ugz2b8Nw5d3YzZ9KEQl4AaABAg,,?머야..,@taengoo8939,2023-10-31T08:58:24Z,1,0,0,4,0,1,4,0,1,4
LE SSERAFIM,"이브, 프시케 그리고 푸른 수염의 아내",node,UgzwmLdRdM6BobpHk0V4AaABAg,,제목이 뭔 개소리를 하는지 못알아 먹겠어요,@dogggg.,2023-06-10T07:30:30Z,4,0,0,2,0,0,3,0,0,5
LE SSERAFIM,EASY,node,UgzYj0mrNz5T52DDt7R4AaABAg,,뮤비가 뭔 영화같냐 ㄷㄷ,@5SunOne,2024-02-19T09:31:43Z,1,1,2,4,1,2,4,1,2,0
LE SSERAFIM,Smart,reply,,UgxURd89t1jMDcVw4O94AaABAg,헐...또 ʕ•ᴥ•ʔ ?,@라꾸니뀨,2024-05-01T19:55:10Z,10,0,2,4,1,1,4,0,1,4
LE SSERAFIM,"이브, 프시케 그리고 푸른 수염의 아내",node,UgyiQjkeYbuefpjkSut4AaABAg,,옵치 콜라보 한대서 찾아왔습니다 ^^7,@북극곰-d7f,2023-10-20T12:44:32Z,3,1,2,0,1,2,0,1,2,0
LE SSERAFIM,CRAZY,reply,,UgzgBUvSOFsBeuPmQTx4AaABAg,동남아 버니즈 수준 보소,@rtdks8359,2024-08-30T16:40:20Z,0,0,0,2,0,0,2,0,0,2
LE SSERAFIM,CRAZY,node,Ugw4hh1M7pHe4e2PmAV4AaABAg,,이번엔 부를수 있는 노래 낸거지??,@대왕본,2024-09-16T04:18:59Z,7,0,0,2,0,0,2,0,0,2
LE SSERAFIM,CRAZY,node,Ugz0VvvkHAti4j2CE0N4AaABAg,,따 따 따 따 따 따 따~~과일 따~ 따 따 따 따 따 따~~~~~ 사과 따 따 따 따 따 땨~~~~ 따 따 따 따 따 따 따~~포도 따~ 따 따 따 따 따 따~~~~~ 복숭아 따 따 따 따 따 땨~~~~,@HeungMinSon_7,2024-08-30T23:13:25Z,8,1,2,0,1,1,6,1,1,6
LE SSERAFIM,Impurities,reply,,UgxT58ajRa7iwNK3Em54AaABAg,단월드 단월드 단월드 단월드 단월드 단월드 단월드 단월드 단월드 단월드 단월드 단월드 단월드 단월드 단월드 단월드 단월드 단월드 단월드 단월드 단월드 단월드 단월드 단월드 단월드 단월드 단월드 단월드 단월드 단월드 단월드 단월드 단월드 단월드 단월드 단월드 단월드 단월드 단월드 단월드 단월드 단월드 단월드 단월드 단월드 단월드 단월드 단월드,@왓더퍽-z2z,2024-05-19T11:15:25Z,4,0,0,3,0,0,2,0,0,6
LE SSERAFIM,EASY,node,UgzNFlEC08G7xtOHyXZ4AaABAg,,왕유ㅠㅜㅜㅜ,@포비이즈비숑,2024-02-19T09:04:20Z,0,1,1,0,0,0,5,1,2,0
LE SSERAFIM,Impurities,node,Ugz09XPBKlsqwaXhJC54AaABAg,,입술이 너무 빨간데?? ^^,@jihyunlee7698,2023-08-26T15:13:02Z,0,0,1,0,0,0,4,1,0,4
LE SSERAFIM,EASY,node,Ugx7SLfR7zhCrduK7hZ4AaABAg,,노래 진짜 지리네ㅋㅋㅋㅋㅋ,@연-t7o,2024-02-19T16:36:21Z,3,1,2,0,1,2,0,1,2,0
LE SSERAFIM,CRAZY,node,Ugz885Mq6CNedyFkDah4AaABAg,,좋다좋아,@이정연-o5t3x,2024-08-30T10:03:11Z,1,1,2,0,1,2,0,1,2,0
LE SSERAFIM,"이브, 프시케 그리고 푸른 수염의 아내",node,UgwGPAT-0kXw4U6tkGd4AaABAg,,바이팅,@aminexok,2024-07-01T15:28:42Z,0,1,2,0,1,2,0,1,2,0
LE SSERAFIM,Perfect Night,node,Ugw6syrG-EZdeHfF7uh4AaABAg,,노래좋고 르세라핌도 예쁘고 캐릭터스킨도 잘 뽑혔는데 내 기대가 너무 컸나보다...,@chikorit___a,2023-10-27T07:59:01Z,0,0,1,0,0,0,5,0,0,5
LE SSERAFIM,FEARLESS,node,UgxY35ClIyHrg7eNcYB4AaABAg,,빼도 될 것 같은데 왜 안 뺄까..?,@준기이-y5r,2022-05-02T13:23:05Z,1,0,0,3,0,0,6,0,0,5
LE SSERAFIM,EASY,node,UgytcAIUaYKgvnfWKB54AaABAg,,영어댓글 천지구나.,@llllIIIIIIIIlllll,2024-02-19T19:22:22Z,1,0,0,2,0,0,3,0,1,4
LE SSERAFIM,UNFORGIVEN (feat. Nile Rodgers),node,UgwCTWH33PT21eWsmG54AaABAg,,음….…,@ruijun79,2023-05-01T09:36:07Z,0,0,0,5,0,1,6,0,1,6
LE SSERAFIM,CRAZY,node,UgwRxyBdYwKIXUw2riR4AaABAg,,올해 수능금지곡으로 선정되겠다.,@Carys_1217,2024-09-22T02:16:22Z,10,1,2,0,1,2,0,1,2,0
LE SSERAFIM,EASY,node,UgyCvg867rezZXO7NQF4AaABAg,,이제 그냥 외국 전양인가?,@user-iq2yn3dz8g,2024-02-19T23:40:13Z,1,0,0,3,0,0,2,0,0,2
LE SSERAFIM,EASY,node,UgzEZtWzLDWbHMnfNxB4AaABAg,,삐걱거리는 춤,@_POCHACCO-ww4in,2024-02-19T23:36:57Z,0,0,0,2,0,0,2,0,0,2
LE SSERAFIM,CRAZY,reply,,UgyzNChQEdcSh-5xa_h4AaABAg,언플 지리네 ㅋㅋ,@봄이오면-c2h,2024-09-05T14:32:50Z,0,0,0,2,0,0,2,0,0,3
LE SSERAFIM,Impurities,node,UgzBN4wY21P6o9znb_J4AaABAg,,이게 나온다고?,@desirevalue,2022-11-14T00:01:27Z,0,1,0,4,0,0,2,0,0,4
LE SSERAFIM,EASY,reply,,UgzQD-pzWt4ImVL8i0B4AaABAg,@ 원래 처음 이름 의미가 두려움이 없다라는 의미로 에너그램으로 만들었다고 했는데 그냥 이건 대외적으로 말하기 위한 것 같고 세라핌이라고 딱 나오는 거 보면 노린 거 같음 그 후 컨셉적인 게 반쪽 짜리 날개 나오고 타락한 천사 불태우고 저렇게 반기독교적인 걸 자꾸 보여주는 걸 보면,@채수지-w7w,2024-05-03T18:30:11Z,6,0,0,6,0,1,6,0,1,4
LE SSERAFIM,ANTIFRAGILE,node,Ugy8CMe94sdRh1cNsVp4AaABAg,,뭔말인지 모르겠네요..;;,@밍밍-v7c9l,2022-12-27T02:27:42Z,0,0,0,2,0,0,2,0,0,2
LE SSERAFIM,CRAZY,reply,,UgxkBAtSeDVjg_S507h4AaABAg,@ 그럴거면 ㄲㅈ셈 ㅋㅋ 긁? ㅋ,@freshdays1979,2024-09-15T15:29:24Z,2,0,0,3,0,0,2,0,0,3
LE SSERAFIM,CRAZY,reply,,Ugx3vGPBFDXfLByWPKF4AaABAg,올더걸스걸링걸링올더걸스걸링걸링,@ChKnJkBl,2024-09-01T15:18:03Z,1,1,2,0,1,1,6,1,1,6
LE SSERAFIM,"이브, 프시케 그리고 푸른 수염의 아내",node,Ugxv4HL_TstxxT7twll4AaABAg,,احبكم나는 너희 모두를 사랑해,@farahgamer1946,2023-06-28T10:07:03Z,3,1,2,0,1,2,0,1,2,0
LE SSERAFIM,EASY,node,UgyO89huiINOe7ENkxF4AaABAg,,만채야,@김경수-t5r,2024-03-03T13:21:38Z,4,1,2,0,1,1,6,1,1,0
LE SSERAFIM,CRAZY,node,UgznZ7anicYzf02KshF4AaABAg,,민천지 77님한테 후원받고 프로모션중입니다~ 77이가 가짜뉴스 도배하고 피프티 영상까지 찾아가서 공격하는 7가지 이유 1. 민천지 상위 1%(골수빠) 2. 르세라핌 크레이지 M/V 조회수 폭발 3. 민프티 슈퍼뇌출혈 조회수 나락 4. 미니진 대표직 해임 5. 분노조절장애 6. 정병으로 인한 능지 퇴행 7. 망상 피해로 인한 폭력성 증가,@민천지헤드샷,2024-09-07T15:11:11Z,9,0,0,2,0,0,2,0,0,3
LE SSERAFIM,EASY,node,UgxNTKdxjgvyy8D9_Ml4AaABAg,,멜로디 좋다,@해달-w4l,2024-02-19T09:13:25Z,0,1,0,0,1,2,0,1,2,0
LE SSERAFIM,EASY,reply,,Ugxupv4KF0NbOOpKXIF4AaABAg,난 무교지만 마리아 모독 화사 마리아 뮤비도 절정임 omg,@jihyekim3101,2024-04-29T08:44:29Z,21,0,0,2,1,2,4,0,1,0
LE SSERAFIM,FEARLESS,reply,,Ugxd04JOXeOAOF4mGGt4AaABAg,@ 소녀에 대한 완전한 무례. 당신을 위한 더 많은 두뇌,@tomboy6156,2022-05-02T09:59:33Z,3,0,0,2,0,0,3,0,1,6
LE SSERAFIM,UNFORGIVEN (feat. Nile Rodgers),node,UgynkYrGdvrKZZMiVq94AaABAg,,아마피넷아마피넷아마피넷아마피넷아마피넷,@kosmetic-w1e,2023-08-25T13:12:26Z,0,1,2,0,1,1,6,0,1,6
LE SSERAFIM,FEARLESS,node,Ugxr2NcPRCchqIlq9KR4AaABAg,,요즘 트렌드 이런거 아니지 않나...?,@한지유-w8m,2022-05-03T13:02:21Z,4,0,0,2,0,0,6,0,0,2
LE SSERAFIM,Impurities,node,Ugy2K9MhvVnoWcjAawN4AaABAg,,TLC 분위기 난다 좋다 90S 풍인가? 뉴잭스윙(NEW JACK SWING)같고 ㅎㅎ,@pyh4319,2023-05-09T01:07:59Z,0,1,2,0,1,2,0,1,2,0
LE SSERAFIM,FEARLESS,node,UgwCzz0RoFtdPy5a9sx4AaABAg,,카즈하 최고다 진짜,@hisunny6218,2022-05-02T09:39:45Z,1,1,2,0,1,2,0,1,2,0
LE SSERAFIM,ANTIFRAGILE,node,Ugz_EvnrldTpIIBxNxl4AaABAg,,그들은 내 기대를 깨고 통과했습니다. 정말 이것은 밥입니다.,@innah_,2022-10-16T15:52:10Z,1,1,1,0,1,2,0,1,2,0
LE SSERAFIM,CRAZY,node,UgzALlkhSfD-nDoepB94AaABAg,,노래 낸 줄도 몰랐지만…. 모를껄 그랬다…,@비와이-j2q,2024-09-03T12:26:03Z,10,0,0,2,0,0,5,0,0,2
LE SSERAFIM,FEARLESS,node,Ugz8aF4ea7BCxH6XmmF4AaABAg,,김가람 닮음,@wendy_pretty22,2022-06-07T19:49:57Z,1,0,0,2,1,1,6,0,1,6
IVE,Off The Record,node,Ugw_SXb6krVkWgmrBDd4AaABAg,,빼꼼 너무 귀여워ㅠㅠ,@금발이너무해,2023-10-24T15:34:03Z,0,1,2,0,1,2,0,1,2,0
IVE,After LIKE,node,UgzjOyHXeSp3wqBov5Z4AaABAg,,IVE는 미워할 수 없는 그룹인 거 같음..너무 완벽해️갓이브 이번 활동도 건강하게 잘 하길,@psy1123_1,2022-09-06T03:47:43Z,1,1,2,0,1,2,0,1,2,0
IVE,해야 (HEYA),node,UgwMhbvQtBdd51VFrnV4AaABAg,,최고,@호익최-d6e,2024-04-30T14:35:32Z,1,1,2,0,1,2,0,1,2,0
IVE,Kitsch,node,Ugx-O1gupwyMEP07qyJ4AaABAg,,리즈 파트좀,@user-ob2yk3pe4t,2023-03-27T09:30:51Z,0,1,0,3,0,0,5,0,2,0
IVE,해야 (HEYA),node,Ugyn0fYh8xVQIPjyP8Z4AaABAg,,해야 노래 너무 좋아요,@dlS2S2S2,2024-05-05T18:28:34Z,1,1,2,0,1,2,0,1,2,0
IVE,I AM,node,UgzMkBinX05aV1sDTAF4AaABAg,,아이브만 믿을게,@신서우-h6s,2023-04-11T06:08:24Z,2,1,2,0,1,2,0,1,2,0
IVE,해야 (HEYA),reply,,UgzusFTIIWf_dc7GIxF4AaABAg,너의 정부가 정한 법이나 지키세요 ^^ 범법자 주제에 구석에 찌그러져 있어 한국 전통문화를 존중해 ^^,@Oioik-jn7so,2024-06-06T00:05:20Z,0,0,0,2,0,0,3,0,0,2
IVE,해야 (HEYA),node,UgzDmNMErb5pTiuFOSB4AaABAg,,아이브짱,@tiffanyhong9732,2024-05-04T15:12:35Z,0,1,2,0,1,2,0,1,2,0
IVE,해야 (HEYA),node,Ugyf5qHI6VdtXNh66nV4AaABAg,,아이브는 예술이야,@hansampark4895,2024-05-12T07:01:28Z,3,1,2,0,1,2,0,1,2,0
IVE,해야 (HEYA),reply,,UgzhSDeIwuB0BpjhK6B4AaABAg,중국의 매듭의 력사적기원은 상고대시기까지 거슬러올라갈수 있는데 최초의 형식은 구석기시대의 바느질매듭이다.이런 매듭기록방식은 일상생활속에서 바느질하고 기록하는데 사용될뿐만아니라 상징적의미도 갖고있는바 큰일은 크게 매듭을 짓고 작은 일은 작게 매듭을 짓는다.시간이 흐름에 따라 새끼에 매듭을 지어 일을 기록하는 방식은 점차 장식예술로 발전하였다. 주나라시기에 사람들은 늘 옥기장식으로 중국매듭을 착용하였고 전국시대의 동기에도 중국매듭도안이 그려져있다.당송시기에 이르러 중국의 매듭은 복식과 기물의 장식에 대량으로 사용되기 시작하였으며 명청시기에 이르러 그 양식이 다양하고 배색이 정교해졌다. 중국의 매듭은 십자매듭 · 비파매듭 · 쌍전매듭 · 단추매듭 · 길상매듭 · 만자매듭 · 판장매듭 · 리본매듭 · 비낭매듭 등 양식이 다양하고 매듭마다 독특한 뜻을 담고 있다.예를 들어결자는 중국어에서길과 발음이 같아 상서로움을 뜻한다.또한결자는 결혼 결족 결맹 등 중합 (重合)의 뜻을 가지고 있기 때문에 단결과 재회를 뜻하기도 한다.이외에도 중국매듭 (중국매듭)은 중화민족의 민족정신의 상징으로 간주되고있으며 조국에 대한 사랑과 아름다운 생활에 대한 동경을 담고있다. 기나긴 문화적침적을 거쳐 중국의 매듭은 하나의 장식예술품일뿐만아니라 풍부한 문화내포와 력사기억도 지니고있다.이는 중화민족의 지혜와 정취를 구현하고있으며 중화고대문명의 중요한 구성부분이다.​@-wi3se1qv,@管士霖,2024-05-02T15:00:29Z,0,0,1,3,1,1,6,1,1,6
IVE,All Night (Feat. Saweetie),node,UgzaTiEgQ7FcsXHgKo54AaABAg,,음..... 옛날 공중파 스포츠 시작 전 나오던 bgm 느낌인데 ...,@chk6820,2024-01-19T13:57:08Z,0,0,0,5,0,0,6,0,0,2
IVE,해야 (HEYA),node,Ugx8N0-tjX5SMgcmQXF4AaABAg,,옛날 한국은 중국의 속국이었고 그 문화의 대부분이 중국에서 표절된 것이었다. 개라는 것은 부끄러운 일이 아니지만 남의 것을 훔치고 인정하지 않는 것은 부끄러운 일이다.,@Daniel0218yzq,2024-05-02T17:04:12Z,1,0,0,2,0,0,2,0,1,2
IVE,After LIKE,node,UgzKLK757A-F5Y3XeW14AaABAg,,헐 사랑해여,@핸씨-d6v,2022-08-22T09:00:55Z,0,1,2,0,1,2,0,1,2,0
IVE,LOVE DIVE,node,Ugxdb_PjvI4-CZ-PSUx4AaABAg,,이렇게,@charlesjsescoto,2022-04-14T08:23:41Z,0,1,1,0,1,1,6,1,2,6
IVE,해야 (HEYA),node,Ugwi602DtuDWcuGVErJ4AaABAg,,대박 컨셉 미침 ㅋㅋㅋ 돈ㅇ메,@Titatuno,2024-04-29T09:10:40Z,1,1,2,0,1,2,0,1,2,4
IVE,ELEVEN,node,UgyM8IBsl7IL6q5ys114AaABAg,,이거닷!,@dhdb6134,2021-12-03T06:21:36Z,6,1,2,0,1,2,0,1,2,0
IVE,LOVE DIVE,node,UgxepbjVQDEFtwy7jz14AaABAg,,오늘도 럽다이브랑 함께,@윶엔미,2022-04-06T23:28:07Z,1,1,2,0,1,2,0,1,2,0
IVE,I AM,node,UgyWBlG0TYSZKA1G0ch4AaABAg,,아이브금나이쁨,@홍명선-k2d,2024-02-02T01:33:46Z,0,1,2,0,1,2,0,1,2,0
IVE,해야 (HEYA),node,UgwRzyvQ9o4w2qr7T854AaABAg,,미쳐따 미쳐따~~~ 너무 이뽀,@hee_land_,2024-04-29T10:24:49Z,0,1,2,0,1,2,0,1,2,0
IVE,해야 (HEYA),reply,,UgzGsmlpV0E3xrDRRqh4AaABAg,굳이 타팬이라는건 뭔 심보냐 그냥 처보고 가라,@Jduxyd6siv,2024-05-02T20:16:38Z,0,0,2,2,0,0,3,0,0,3
IVE,해야 (HEYA),node,UgyFW_FkX44li0lishR4AaABAg,,호랑이가 간지 구름 산 겨울 호랑이 한국상징 여우 시라소니 늑대 등등 겨울이 참 잘어울림 보름달,@비오는날p,2024-05-01T14:31:54Z,0,1,2,0,1,2,0,1,2,0
IVE,Accendio,node,Ugyp9v_ayQNsTYtFoWp4AaABAg,,주문을 걸어 아센디오,@애옹이쓰,2024-05-21T23:34:34Z,0,1,2,0,1,2,6,1,1,6
IVE,I AM,node,UgxWpbl4KqHHnMqtgHF4AaABAg,,뮤비에 나온 가을 헤어스타일 멋있네요 !,@saieim.j2920,2023-05-08T13:48:30Z,6,1,2,0,1,2,0,1,2,0
IVE,해야 (HEYA),node,UgzzsdrSg9nr2BW9Trt4AaABAg,,한국 문화는 주한미군 n 번방 침몰 사교 화장실 카메라 젖비린내 나는 대통령 비참한 최후를 보낸 대통령들의 것으로 모두가 알고 있다,@xuantingcao-jp5px,2024-05-02T18:32:02Z,1,0,0,3,0,0,2,0,1,3
IVE,해야 (HEYA),node,UgytfHInoXny4nGl0VJ4AaABAg,,컨셉 너무 예쁘다ㅠㅠ 색감도,@u_tuv,2024-04-29T19:27:22Z,21,1,2,0,1,2,0,1,2,0
IVE,Off The Record,node,Ugyh98vrLnql98nOkFp4AaABAg,,모두 좋은 밤 되세요🩷,@성이름-u9g8l,2023-10-21T15:07:21Z,0,1,2,0,1,2,0,1,2,0
IVE,After LIKE,node,Ugx3QnUlz2-UC8tDHdd4AaABAg,,선섹 후사랑,@sfancams,2022-11-23T05:39:47Z,0,0,0,6,1,2,0,1,1,6
IVE,해야 (HEYA),node,UgyqFxHpYIX8pDLxz0F4AaABAg,,중국애들아 고마워 조회수나 많이 올려주라^^ㅋㅋㅋㅋㅋㅋ,@Gosm896,2024-04-30T00:54:38Z,3,0,0,3,1,2,0,1,2,0
IVE,I AM,node,Ugwh2whefs1cgdV7c_Z4AaABAg,,귀여운,@misuzu2950,2023-05-04T10:29:25Z,3,1,2,0,1,2,0,1,2,0
IVE,해야 (HEYA),reply,,Ugwh6l-7N-SsyBd7FfJ4AaABAg,응 이거 한국 문화 맞음 한국 전통미술이랑 구미호 저고리 한복 퓨전 의상까지 전부 다 한국 문화에요 남의 문화를 중국 문화라고 하지 마세요,@도리-z9v,2024-04-29T14:54:16Z,2,0,2,3,0,0,3,1,1,0
IVE,Kitsch,node,Ugy2x8p_qhF4RAYSafp4AaABAg,,진짜 킹왕짱들 어쩔껀데,@soeun_0402,2023-03-27T09:04:24Z,0,1,2,0,1,2,0,1,2,0
IVE,ELEVEN,node,UgyFvfHW9d5agXBL8Ml4AaABAg,,아이브 알라뷰,@rei_is_loml,2021-12-11T23:13:58Z,0,1,2,0,1,2,0,1,2,0
IVE,Either Way,node,UgzAsGLqd-zox0LQfgR4AaABAg,,너무 좋아요… 고급스러움으로 다가가는 멜로디,@yongsukkwak7110,2023-09-25T09:56:17Z,2,1,2,0,1,2,0,1,2,0
IVE,해야 (HEYA),node,Ugxe_TtKbyv0TnJXC9R4AaABAg,,역시 아이브 대박이네,@0414_luv,2024-05-03T12:11:26Z,1,1,2,0,1,2,0,1,2,0
IVE,해야 (HEYA),node,UgwIIL-gxLBXAQBj4Pl4AaABAg,,신곡 나오기전에 커뮤니티 보는데 멤버들 앞머리 뇌정이였는데 신곡 나오니까 뇌절은 무슨 스타쉽은 사랑,@애은신-l4b,2024-05-01T10:37:37Z,0,1,2,0,1,2,0,1,2,0
IVE,I AM,node,UgzVZLkNDRTIRiv2m754AaABAg,,얼른 앨범 받고 싶어,@wonyounghappycat,2023-04-11T00:52:39Z,1,1,2,0,1,2,0,1,2,0
IVE,해야 (HEYA),node,UgzgwyT8Lmt8lGAiLHR4AaABAg,,아이브 응원해요,@flower-lovelove,2024-05-08T02:20:31Z,0,1,2,0,1,2,0,1,2,0
IVE,LOVE DIVE,node,UgzowO82dsjb7cP1KNJ4AaABAg,,20시,@csm212,2022-04-17T11:23:44Z,0,1,2,0,1,1,6,1,1,6
IVE,Baddie,node,UgxhF4Ga6KoZl12Cv-N4AaABAg,,아이브 따랑햄,@이원LeeWon,2023-11-28T05:00:22Z,1,1,2,0,1,2,0,1,2,0
IVE,Baddie,node,Ugw9EQgvhDtj4UCdp294AaABAg,,231015/10AM/976만뷰,@I_V_E_SWITCH,2023-10-15T01:05:00Z,0,1,2,0,1,2,0,1,1,6
IVE,해야 (HEYA),node,UgwULMB3UNUwOcg5KOt4AaABAg,,해가 뜨던 달이 뜨던 아이브가 제일 뜬다,@0xnns1,2024-04-30T11:27:57Z,1,1,2,0,1,2,0,1,2,0
IVE,Off The Record,node,UgzNfzlhtRSOAELvu054AaABAg,,엠카 1위 축하해,@yujin_is_love_,2023-10-26T12:05:04Z,0,1,2,0,1,2,0,1,2,0
IVE,해야 (HEYA),node,UgxkfGZKYuNFutlrWX94AaABAg,,해야 짱이야,@애옹이쓰,2024-05-04T11:42:33Z,0,1,2,0,1,2,0,1,2,0
IVE,After LIKE,node,UgxiU3vJhnU3ugMHHcR4AaABAg,,아이브 보니까 힐링,@sanchez_kim,2022-08-26T15:05:57Z,2,1,2,0,1,2,0,1,2,0
IVE,해야 (HEYA),reply,,UgxMjzNKBV8my925VyR4AaABAg,쯧쯧,@volatilemessage7025,2024-04-30T16:17:41Z,0,1,0,0,0,0,2,0,0,2
IVE,I AM,node,Ugxucxsbui4NgKbaExR4AaABAg,,내 아이돌은 소녀시대에서 끝났고 그 이후로 아이돌노래는 거의 안듣는데 이 노래는 굉장히 좋다고 생각함,@aba-uz4dp,2023-06-18T15:15:09Z,35,1,2,0,1,2,0,1,2,0
IVE,LOVE DIVE,node,UgxXGbakkxdCl4gM1DR4AaABAg,,우와아아아 ㅠㅠ 너무 좋아 ㅠㅠ,@moonlight-dk1zs,2022-04-05T15:43:13Z,1,1,2,0,1,2,0,1,2,0
IVE,Baddie,node,Ugyb1jleCZoFwt9X8o54AaABAg,,약간 있지느낌?,@ceuvne,2023-10-13T09:16:43Z,2,1,2,6,1,1,6,1,1,6
IVE,해야 (HEYA),node,UgzjYnDDd-jlBndZ1Xd4AaABAg,,저는 이 소녀들을 사랑합니다. 제가 이번 새 앨범의 팬이라는 것을 이미 알려드립니다!!,@Dunada_sara,2024-05-16T15:59:14Z,6,1,2,0,1,2,0,1,2,0
IVE,Either Way,node,UgwtcND3T8cmMGPn3Kd4AaABAg,,아이브 이번 신곡 미쳤음,@재영김-q1j,2023-09-28T00:34:59Z,6,1,2,0,1,2,0,1,2,0
IVE,해야 (HEYA),node,UgyX6o8BCC7xTAYq7R94AaABAg,,아이브 겁나 예쁘다고 생각하는 사람,@youname8798,2024-04-29T09:07:01Z,2,1,2,0,1,2,0,1,2,0
IVE,Accendio,node,Ugwx6aV63MDVb5M5imR4AaABAg,,가을만 숨참고 러브 다이브 안했는데 이유가 있었네,@릿지-q3g,2024-05-22T11:07:55Z,0,1,2,6,0,1,6,1,2,0
IVE,After LIKE,node,UgyyNLFE9Seh9gFLESt4AaABAg,,여기까지 최고의 곡은 들은 적이 없다 항상 아이브는 최고를 보여 준다,@myjeongyeon9546,2022-08-26T05:22:46Z,10,1,2,0,1,2,0,1,2,0
IVE,Kitsch,node,UgyGYR8KUtPVqyfO2Op4AaABAg,,너무 멋저,@Teddybear-s2q,2023-10-07T01:26:25Z,2,1,2,0,1,2,0,1,2,0
IVE,해야 (HEYA),reply,,UgwXeWD4YzO_5rMhZJh4AaABAg,좀... 훔치지좀 말아라 너넨 다 중국꺼냐 너네 문화대혁명때 다 불태웠잖아,@Asqw111-s3z,2024-04-29T10:08:00Z,0,0,0,3,0,0,3,0,0,3
IVE,I AM,node,Ugzb1agBmQJkzy3HsnV4AaABAg,,굿이지요,@poppop-uy1pl,2023-04-10T09:09:42Z,0,1,2,0,1,2,0,0,2,0
IVE,Baddie,node,UgzCoZRIFoIKr2DQocx4AaABAg,,아이브 너무 이쁘다!!,@공선아,2023-10-14T12:51:10Z,0,1,2,0,1,2,0,1,2,0
IVE,I AM,node,UgzZ0FdkxvbOfeowcgV4AaABAg,,아이브!,@민민민입니다,2023-04-11T18:32:20Z,2,1,2,0,1,2,0,1,2,0
IVE,해야 (HEYA),node,UgwaYTKln3mItaHPC1h4AaABAg,,그닥 노래 별론데 ㅎ.ㅎ,@user-vw3he5hx8v,2024-04-29T09:04:44Z,0,0,0,0,0,0,2,0,0,2
IVE,Kitsch,node,UgzffRbIEJGVlgt3U5x4AaABAg,,꺄~  !! 아이브 신곡이다 ️ 넘 이뽀  우리 갓이브 ️      ️      ️      ️      ️      ️      ️      ️      ️      ️      ️      ️      ️      ️      ️      ️      ️      ️      ️      ️      ️      ️      ️      ️      ️      ️      ️      ️      ️      ️      ️      ️      ️      ️  ⬇️  ⬇️  ⬇️  ⬇️  ⬇️  ⬇️  ⬇️  ⬇️  ⬇️  ⬇️  ⬇️  ⬇️  ⬇️  ⬇️  ⬇️  ⬇️  ⬇️  ⬇️  ⬇️  ⬇️  ⬇️  ⬇️  ⬇️  ⬇️  ⬇️  ⬇️  ⬇️  ⬇️  ⬇️  ⬇️  ⬇️  ⬇️  ⬇️  ⬇️  ⬇️  ⬇️  ⬇️  ⬇️  ⬇️  ⬇️  ⬇️  ⬇️  ⬇️  ⬇️  ⬇️  ⬇️  ⬇️  ⬇️  ⬇️  ⬇️  ⬇️  ⬇️  ⬇️  ⬇️  ⬇️  ⬇️  ⬇️  ⬇️  ⬇️  ⬇️  ⬇️  ⬇️  ⬇️  ⬇️  ⬇️  ⬇️  ⬇️  ⬇️ 아이브 정말 짱 사랑해,@ttedaye4607,2023-03-27T23:18:25Z,1,1,2,0,1,2,0,1,2,0
IVE,I AM,node,UgyhS_70F6dFxKRVZuV4AaABAg,,원영아,@alefuuuu,2023-04-10T09:07:37Z,0,1,2,0,1,1,6,1,1,6
IVE,해야 (HEYA),reply,,Ugz9WkeqpDQtQWla9jJ4AaABAg,5천년의 도둑국은 중국,@핵리발,2024-06-01T14:14:02Z,1,0,0,3,0,0,2,0,0,2
IVE,I AM,node,UgzH0D-vY1qdZwqu5_V4AaABAg,,내가 한국인이란게 자랑스럽다,@이름이뭐에요-d1e,2024-02-08T01:57:48Z,6,1,2,0,1,2,0,1,2,0
IVE,I AM,node,UgwN1Oy9vIOwZxoYAHp4AaABAg,,외국인도 ㅇㅈ한다 우리나라넘 자랑스러운  아이브 화이팅!,@eel1458,2023-06-12T13:01:20Z,4,1,2,0,1,2,0,1,2,0
IVE,해야 (HEYA),node,Ugx6XB6SLw0WKlJFTIt4AaABAg,,하이브는 이제 에스파가 아니라 아이브를 넘어서야 할듯 글고 아이돌 노래들 중에 한국적인 색깔은 현재 아이브 외엔 없어서 그게 독보적인 유니크함이 되어버림,@BJxxDH,2024-05-01T21:45:31Z,13,1,2,0,1,2,0,0,2,0
IVE,I AM,node,UgzFepago9r0oy2hPGN4AaABAg,,미쳤다..캬 개이쁘네,@cmhyj5881,2023-04-10T09:01:27Z,0,1,2,0,1,2,0,1,2,0
IVE,Kitsch,node,UgwNRM0v3YPum7yjJI14AaABAg,,아니 리즈 파트 1개? 이건 아니지 스타쉽,@루엘-j9f,2023-03-28T12:33:48Z,0,1,2,0,0,0,3,0,0,3
IVE,Accendio,node,UgxWlJMYCOD51FAyRPF4AaABAg,,시작부터 그냥 끝냈다..,@안녕즈-q3u,2024-05-16T07:02:41Z,0,1,2,0,1,2,0,1,2,0
IVE,After LIKE,node,UgxbKb-WqmgQuT4Sbvx4AaABAg,,유후~~,@초이준수,2022-09-02T06:19:59Z,2,1,2,0,1,2,0,1,2,0
IVE,Baddie,node,UgxZXO2ke9imLZ-z3y54AaABAg,,아이브사랑해애...,@씹덕히로아,2024-02-10T15:54:51Z,1,1,2,0,1,2,0,1,2,0
IVE,해야 (HEYA),node,UgzItrFQw8iMRdxRLRd4AaABAg,,와ㅏㅏㅏㅏ으아ㅏ으앙,@user-JMS_1125,2024-04-29T09:03:29Z,0,1,2,0,1,2,0,1,2,0
IVE,ELEVEN,node,Ugygdy8TAdKVjxu7ijt4AaABAg,,원영이 보컬 더 좋아진 것 같음 아이브 대박나자,@byungchan1112,2021-12-07T06:03:17Z,0,1,2,0,1,2,0,1,2,0
IVE,LOVE DIVE,node,Ugx8AwrV-IzetxOSfRR4AaABAg,,와... 뭔가 익숙한듯 아닌듯한 음악이다 너무 신기함 진짜 좋다 ㅜ,@은콰광,2022-04-12T09:31:32Z,5,1,2,0,1,2,0,1,2,0
IVE,After LIKE,node,Ugx4p4Xcx9QA2NSrGux4AaABAg,,도입 3초 뒤에 노래나오는거 너무 쩐다,@Min-kwaiii,2022-08-30T10:26:45Z,1,1,2,0,1,2,0,1,2,4
IVE,Accendio,node,Ugy7OPkB0p5f93XPcDJ4AaABAg,,사랑해 아이브,@easy-x9x,2024-05-20T00:37:10Z,1,1,2,0,1,2,0,1,2,0
IVE,해야 (HEYA),node,Ugwt6mWXCRGfy-A4O2l4AaABAg,,갓이브 사랑해 🩷,@nyeongimm,2024-05-03T01:08:51Z,1,1,2,0,1,2,0,1,2,0
IVE,해야 (HEYA),node,UgwI3LwGvZnMM_gXP8p4AaABAg,,뮤비가 너무 재밌다..,@eundol852,2024-04-29T11:38:43Z,0,1,2,0,1,2,0,1,2,0
IVE,After LIKE,node,UgwMNnDDF2E8rLab1kl4AaABAg,,아이브가 짱먹어라,@MinJi_LOVER,2022-08-22T13:39:36Z,1,1,2,0,1,2,0,1,2,0
IVE,After LIKE,node,UgycQQJo9HkYqTGjIR94AaABAg,,언제나 스스로 빛나~~~,@kitty_my_lover,2022-08-27T23:07:21Z,1,1,2,0,1,2,0,1,2,0
IVE,해야 (HEYA),node,Ugz60zQ9xlEpXjfhQ8V4AaABAg,,식사준비 해야 지,@QRUM94,2024-05-10T10:42:09Z,0,1,2,6,1,1,6,1,1,6
IVE,After LIKE,node,Ugx7u3qkb2840MqA3QF4AaABAg,,배경 넘 잘 어울림!,@김동현-u3y1u,2022-12-25T08:34:55Z,4,1,2,0,1,2,0,1,2,0
IVE,해야 (HEYA),node,UgyK0RwuUQlwbx1NZ8B4AaABAg,,세상이 날 몰카하는건가??…,@Freedom-d8r,2024-05-04T04:42:21Z,0,1,0,4,0,0,4,1,1,4
IVE,해야 (HEYA),node,UgxlFWvjLM_RtEB9Myh4AaABAg,,해야 렛츠고,@애옹이쓰,2024-05-04T13:41:39Z,0,1,2,0,1,2,0,1,2,0
IVE,I AM,node,Ugy2F_4xYXy-v_Ron-p4AaABAg,,2024년에 듣는 한국인 손!!!! 외국인들 넘 많다 한국노래에;;,@What44449,2024-08-25T06:14:03Z,2,1,1,3,0,1,6,1,2,4
IVE,LOVE DIVE,node,UgyOnhYr_T67kGGD0x54AaABAg,,저는 아,@배진희-e2r,2023-01-11T15:15:04Z,2,1,1,6,1,1,6,0,1,6
IVE,LOVE DIVE,node,Ugy5Nt3FaJEtPvbHnid4AaABAg,,2024년에도 들음,@ppudingg,2024-02-21T00:07:18Z,6,1,2,0,1,2,6,1,2,0
IVE,해야 (HEYA),node,UgyJAlIgbjDJE5uR1Mp4AaABAg,,문화혁명 때 중국 문화는 다 타버려서 남은게 없잖아요 ㅎㅎ 한국적 아름다움 너무 예뻐요 동양화 한복 생각 나는 복장 햇님달님 이야기 차용한듯한 뮤비 스토리 다 최고에요,@Cramy__,2024-04-29T12:53:31Z,33,0,0,2,1,2,0,0,2,0
IVE,After LIKE,node,UgxrV5MneG4cD1hF08l4AaABAg,,미쳤다 다이브 여기무덤,@기여미모아-w3w,2022-08-22T09:02:24Z,0,1,2,0,1,2,0,1,2,0
IVE,해야 (HEYA),reply,,Ugz83oQ46kf2bBohe2t4AaABAg,​@ 한국문화로 노래만들지 뭐하겠음?ㅋㅋㅋ 13억 인구 있어도 마오쩌둥이 문화재 다 불태워서 컨텐츠 후진걸 어쩌겠냐ㅋㅋㅋ 무식한 너희 주석 탓임,@성이름-h9q4f,2024-04-29T13:10:53Z,1,0,0,2,0,0,2,0,0,2
IVE,Off The Record,reply,,Ugy2gA16qAbd7i2NBmN4AaABAg,이거 타이틀이에요 이거 전 이더웨이도요,@bbin_sing_07,2023-10-07T15:52:49Z,0,1,2,6,1,1,6,0,1,6
IVE,Accendio,node,Ugzutu_dEubXp8vNfG14AaABAg,,자신과의 싸움이라니.. 요술봉이 뭘 의미하는지 궁금하당.. 그리고 00:09에 가을이 근엄한 표정의 유니콘 튜브 너무 귀엽다ㅠㅠ,@시루밍룬이,2024-05-15T14:46:26Z,5,1,2,0,1,2,0,1,2,0
IVE,All Night (Feat. Saweetie),node,UgyREPb-M6y4ctpDs_p4AaABAg,,정말 마음에 들었고 예쁘고 좋았어요,@zelcetekstil2323,2024-04-11T13:09:49Z,2,1,2,0,1,2,0,1,2,0
IVE,해야 (HEYA),node,UgwuPnEG8ZweVzaWQrF4AaABAg,,Ive와 스타쉽이 중국을 도와 중국 전통 미술 문화를 홍보해 주셔서 감사합니다. mv 전체가 중국 문화로 가득 차 있다는 것을 한눈에 알 수 있을 줄은 몰랐습니다. 그 중에서도 후루와 등 중국 미술 영화에 경의를 표하는 산수상운이 비교적 뛰어납니다! 중국 매듭의 운용도 예쁘고 머리 장식이 예쁘네요!,@user-nd4ky8lm5u,2024-04-29T14:41:58Z,0,0,0,3,1,2,0,1,2,0
IVE,LOVE DIVE,node,Ugy7l0MzogWytqp4ey94AaABAg,,우와항 아이브 온니들!!! 컴백 진짜 기대 많이 하구 있었는데 중독성 완전 찐 이구여 다 이쁘고 노래 잘 부르고 멋있어여!!! 앞으루 더 열심히 응원할게여 사랑해여ㅣ,@허윤미-t8r,2022-04-05T13:54:01Z,19,1,2,0,1,2,0,1,2,0
IVE,I AM,node,UgyON5hG7rJMLJx04k14AaABAg,,아이브,@Myono847,2023-04-14T10:02:46Z,1,1,2,0,1,1,6,1,1,6
IVE,해야 (HEYA),node,UgzFBTypryr8nj0SElx4AaABAg,,왜 중국인들은 결코 일본인을 비난하지 않는가 일본인은 한자를 사용한다 일본의 많은 문화도 원래 중국에서 유래했다 왜냐하면 일본은 자신의 독특한 문화를 발전시켰기 때문이다 일본인은 매우 솔직하게 한자가 중국에서 유래했다는 것을 인정할 것이다 그러나 한국은 단지 훔치고 표절할 뿐이다 이것은 마치 당신이 다른 사람이 쓴 논문을 가져와서 그 위에 자신의 이름을 쓴 것과 같다 문장 부호 몇 개를 지우고 선생님께 자신이 쓴 논문이라고 말하는 것은 명백한 학문적 부정행위이다. 한국은 항상 그랬다.중국의 문화를 가지고 와서 혁신하지 않고 직접 이것은 한국이 발명한 것이라고 말하는 것은 너무 부끄러운 일이다. 또 다른 예를 들자면 한국에서 가장 대단한 성형수술 예를 들면 한 한국인이 성형을 했다. 아무리 성형을 해도 외계인의 모습으로 성형한다 하더라도 그는 집에 돌아올 때 여전히 자신의 친아버지를 아버지라고 불러야 한다. 당신의 신체의 유전자는 영원히 당신의 아버지로부터 나온다.너는 영원히 아들로서의 신분이다.거꾸로 하늘을 뒤집을 수는 없다.그리고 한국은 더 이상 중국의 문화를 직접 훔치지 말고 자신의 독특한 문화를 많이 홍보해야 한다. 예를 들면 한국의 유명한 캠퍼스 패륜 사건 그리고 유일무이한 주한 미군 미군 기지 부근의 풍속점에서 미군이 성욕을 발산할 수 있는 한국 여자 한강에 던져진 미군이 버린 콘돔 이런 것들은 모두 한국의 특산물이다.,@ふたり-v1o,2024-05-09T14:04:14Z,1,0,0,2,0,0,2,0,0,6
IVE,Kitsch,node,Ugx3VTcN05XRH0rgffR4AaABAg,,존나 구리다ㅋㅋㅋㅋ폭망각,@이름이-l9e,2023-04-01T01:23:07Z,1,0,0,2,0,0,2,0,0,2
IVE,Either Way,node,UgzE-AVoAQPIQ9Vpd1J4AaABAg,,뻔하지않고 늘 새로움을 가지고 나오는 아이브 너무 좋아.,@ekchiefify,2023-09-25T09:12:47Z,0,1,2,0,1,2,0,1,2,0
IVE,해야 (HEYA),reply,,UgynfMD8iuOP8wSLHyl4AaABAg,이 사람 눈이 삐었거나 대가리가 생기다 말았거나 둘중하난 분명하다.,@망고-z9f,2024-05-01T16:53:00Z,1,0,0,3,0,0,2,0,2,3
IVE,Kitsch,reply,,UgxvHAZw-mol85TWBrp4AaABAg,수록곡 선공개,@rh-yj5kd,2023-03-27T11:14:50Z,1,1,2,0,1,1,6,1,1,6
aespa,Savage,reply,,Ugyfv1InF3uT8cndoEl4AaABAg,진짜...카리나 윈터 지젤 닝닝 다 조으다요ㅠ️,@user-wy6jz8yl6l,2021-10-05T10:03:24Z,3,1,2,0,1,2,0,1,2,0
aespa,Drama,node,UgxI6E8VzsEpwVi_FN54AaABAg,,곡이 재미있라!,@levvf,2023-11-17T16:42:27Z,0,1,2,0,1,2,0,1,2,0
aespa,Black Mamba,node,Ugwf48BSq3gLb6npEMp4AaABAg,,별루다 시대를 못따라가네,@milkboy9975,2020-11-17T10:47:59Z,2,0,0,5,0,0,2,0,0,2
aespa,Savage,node,UgyyGkenxMNzZ9O8J7R4AaABAg,,노래 이렇게 내서 SM도 메타버스 회사라고 하려고 그러는건가?? SM은 엔터주 아니고 메타 버스주???,@Front_of_gate,2021-10-05T09:40:11Z,0,0,0,4,0,0,4,0,0,4
aespa,Black Mamba,node,UgwsLQTQGN3VM0F-TFh4AaABAg,,태연 닮은애가 있네.,@jjalsoon,2021-01-06T16:10:49Z,0,1,1,6,0,1,6,1,1,6
aespa,Armageddon,reply,,UgxK4ZueG7uk520PMex4AaABAg,이 말 진짜 뭉클하고 멋지다,@영아-y6t,2024-05-27T22:50:56Z,1,1,2,0,1,2,0,1,2,0
aespa,Savage,node,UgyZf0u8sztKJuAhVeR4AaABAg,,지루해서 중간에 끔,@슈슈-e3v,2021-10-05T16:44:34Z,0,0,0,2,0,0,2,0,0,2
aespa,Better Things,node,UgyxWOAfnfAylQTVvER4AaABAg,,에스파 메이크업이랑 코디가 너무 좋음.. 스파이시도 좋았지만 금속성의 느낌도 계속 가져갔음 좋겠음,@snnnnan,2023-08-22T01:45:05Z,1,1,2,0,1,2,0,1,2,0
aespa,Savage,node,UgwzRscPUQfubRg8Df54AaABAg,,에스파,@karina_bluu,2022-02-09T10:48:23Z,2,1,2,0,1,1,6,1,1,6
aespa,Black Mamba,node,UgzR5SPhFa-clm3CqiJ4AaABAg,,넹 잘 가시구~,@휴지-f2v,2021-03-25T12:43:55Z,0,0,0,2,0,0,2,0,2,6
aespa,Spicy,node,Ugzdw2qYB--RQ4mTmsp4AaABAg,,2024년 여기에는 누가 있나요?,@Mini_shoyu,2024-01-29T23:17:46Z,2,1,2,0,1,1,6,1,1,6
aespa,Savage,node,UgyxdiS32EsSwKsDThx4AaABAg,,김이 김이 나~,@long_adventure1350,2021-10-06T15:23:29Z,2,1,2,0,1,1,6,1,1,6
aespa,Armageddon,node,Ugz6ez7rVW-LrTVblPh4AaABAg,,스엠아 돈 너무 많이 쓴거아니냐ㄷㄷㄷ 압도적이다,@llee-h2q,2024-05-27T13:54:29Z,2,1,2,0,1,2,4,1,2,0
aespa,Next Level,node,UgwsxOzkz7psKTCpnEt4AaABAg,,이런건 스엠만이 할수있는거임. 이래서 내가 스엠을 안좋아할수없음 ㅋ 이노래듣다 갑자기 HOT 신화 노래 생각나 오랜만에 찾아들었어요.,@bgknhl,2021-05-21T11:28:27Z,1,1,2,0,1,2,0,1,2,0
aespa,Better Things,node,Ugwus93kNp0d-7rSgvR4AaABAg,,저희의 무릎을꿇게 하소서,@Mhwyim,2023-10-31T02:46:31Z,2,1,2,0,1,2,4,1,2,0
aespa,Savage,node,UgxLxpv9s4nx3oxIBrx4AaABAg,,가히 충격 그 자체,@CandWandK,2021-10-05T12:56:14Z,0,1,2,0,1,2,4,1,2,0
aespa,Supernova,reply,,UgxG8iYDqlByUfBuLCl4AaABAg,@ 건물앞에서 차위로 떨어지는 컨셉에서 애써부정하는거면 말할가치도 없음 ㅅㄱㅇ,@dochinism,2024-05-26T13:23:49Z,0,0,0,3,0,0,2,0,1,6
aespa,Black Mamba,node,UgzteLurazwiWpys8Ad4AaABAg,,지금 보니까 이거 안무 진짜 역동적이다 엄청 힘들었겠다,@dyuo-l7l,2021-05-28T23:10:10Z,2,1,2,0,1,2,4,1,2,0
aespa,Better Things,node,Ugw60gXOXF7REZIZtjx4AaABAg,,실망시키지 않는 에스파,@izolie4792,2023-08-17T22:33:41Z,0,1,2,0,1,2,0,1,2,0
aespa,Savage,node,Ugwc22FGsgGczDewjYp4AaABAg,,베어버려 네 빛의 검,@치-g6j,2022-05-18T10:38:55Z,5,1,2,0,1,1,6,1,1,6
aespa,Spicy,node,UgxONtVJNa0Vo5AUZRB4AaABAg,,미모 노래 춤 걍 끝남;,@박주먹-d3h,2023-05-09T11:47:25Z,3,1,2,0,1,2,0,1,2,0
aespa,Spicy,node,UgysqGx7HqilpLDC7cR4AaABAg,,찢었다‍,@moobuapt,2023-05-08T14:46:54Z,1,1,2,0,1,2,0,1,2,4
aespa,Supernova,node,UgyA3kbN0IQrI7Iaanx4AaABAg,,노래에서 쇠맛이 오져서 빈혈이 나았어요,@syashley1119,2024-05-13T09:48:14Z,3,1,2,0,1,2,0,1,2,0
aespa,Spicy,node,UgytjhkOAI9s4ovV_pV4AaABAg,,윈터 너무 이쁘다,@성이름-y4o7y,2023-05-16T14:31:24Z,145,1,2,0,1,2,0,1,2,0
aespa,Next Level,node,UgwQ-_Sqd7fkQJHIfcZ4AaABAg,,... 이게 뭐죠...? 대체 내가 뭘 들은 거...,@yoonseul1455,2021-05-17T09:05:28Z,0,0,2,4,0,0,4,1,1,4
aespa,Black Mamba,node,UgwAAqDKkiiZvp9Q8rd4AaABAg,,sm 에서 제대로 준비한거 같은데 4명다 이쁜듯,@kazkaz1773,2020-11-17T09:09:09Z,9,1,2,0,1,2,0,1,2,0
aespa,Spicy,node,UgwMiinw9H0Z7c9cnqF4AaABAg,,자라나는 머리칼처럼 아이돌해줄 어린 아이들은 끊임없이 배출된다 힘들면 그만하셔도ㅠ됨,@minaroh9377,2024-07-13T05:04:27Z,1,0,0,2,0,0,2,0,0,2
aespa,Supernova,node,UgzcNPG5Lrqq5earptt4AaABAg,,이거 선공개 곡이죠?,@HyojungLatte,2024-05-13T11:18:22Z,0,1,1,6,1,1,6,1,1,6
aespa,Supernova,node,UgztQYEpFT04DdoRB1F4AaABAg,,이 노래 딱이네요,@Nft5-wq2ow,2024-05-23T00:10:45Z,2,1,2,0,1,2,0,1,2,0
aespa,Live My Life,node,UgxJE5imxTXsGydE0nV4AaABAg,,물 들어올 때 노 제대로 젓네.. 와,@pet6985,2024-06-19T15:09:08Z,0,1,2,0,1,2,4,1,2,0
aespa,Savage,node,Ugy2KWEYG0aAAdTnkJJ4AaABAg,,솔직히 별로네,@jinhongyoo5857,2021-10-06T13:24:07Z,1,0,0,2,0,0,2,0,0,2
aespa,Savage,node,Ugxv5Pv8P31b1dVevLV4AaABAg,,비트 누가 찍은거임?,@누리-b4x,2021-10-27T10:09:46Z,22,1,1,6,0,0,2,1,1,4
aespa,Next Level,node,UgxY_1MF1kQTbN0qaBh4AaABAg,,저 ㅂㅅ은 또 뭐지,@nyc476,2024-05-14T18:03:43Z,1,0,0,3,0,0,2,0,0,3
aespa,Next Level,node,Ugy7y3gx4ikh86yhrwt4AaABAg,,머라 씨부리는거냐? 한글 모르냐?ㅡㅡ,@킴흐앙,2021-05-18T09:05:42Z,0,0,0,3,0,0,3,0,0,3
aespa,Supernova,node,UgyS_11Cyoo8yb6VWPB4AaABAg,,뭐여 닝닝이 지젤 집 부수고 개판만들어서 지젤이 화난건가,@zovor96,2024-05-15T03:52:36Z,3,0,1,4,0,1,6,0,1,4
aespa,Savage,node,UgyVvg1RoGoswYy6bxx4AaABAg,,smp에 익숙한 나는 이정도는 아무렇지도 않지 ㅋㅋ,@user-km7fk8py7u,2021-10-05T09:28:31Z,0,1,2,0,1,1,6,1,1,6
aespa,Savage,node,UgybbSYHzEN0V8HfbWx4AaABAg,,뭥미,@신은수-l8x,2021-10-05T09:22:20Z,0,0,0,4,0,0,4,0,1,4
aespa,Black Mamba,node,Ugz5yxwVUdipccwQWYN4AaABAg,,2024년에 듣는 사람은 나뿐인가?,@Jiwoo_there.123,2024-03-17T11:37:24Z,1,1,2,0,1,1,6,1,1,6
aespa,Drama,node,UgwOcEvKfLyEl-Wa0VZ4AaABAg,,바랍니다.,@Mhwylm.,2023-11-21T09:36:02Z,1,1,1,6,1,1,6,1,1,6
aespa,Drama,node,UgydK-lFjQqSWyH9Fyx4AaABAg,,내가 들어본 최고의 클립! 나는 당신의 성공과 최선을 기원합니다,@mamam1com,2023-11-12T08:52:56Z,8,1,2,0,1,2,0,1,2,0
aespa,Spicy,node,Ugx9IAWvw5WtPOrjRyR4AaABAg,,에스파 스파이시 im too to spicy karina winter Ningning giselle 상큼청량미가득한 여름에 너무 핵대박납니다 좋아요 초대박납니다마이들 1위  휩쓸어비리자,@이성미-p5y,2023-05-08T09:33:39Z,172,1,2,0,1,2,0,1,2,0
aespa,Supernova,node,UgyCoJkWg3L4sxER9_V4AaABAg,,윈터 해맑게 웃고 있는거 왜이리 귀엽니 수박같아,@순진미소년,2024-07-01T06:22:52Z,3,1,2,0,1,2,0,1,2,0
aespa,Armageddon,reply,,Ugzty1rPfyKrFA5AuIl4AaABAg,손모양도 건모양인거보면 노린거맞는거같아요 겟잇건,@Cc0814bb,2024-05-30T04:57:27Z,2,1,1,0,1,1,6,1,1,6
aespa,Girls,node,Ugxg67oAUFce2_kLIWB4AaABAg,,우리는 여자,@kang_ra_eum4131,2022-08-12T11:29:06Z,2,1,2,0,1,1,6,1,1,6
aespa,Armageddon,node,UgzmU87Ci8sOC00LHsB4AaABAg,,승자는 결코 시도하길 멈추지 않는다 ●●,@Jasminee1326,2024-05-28T04:02:07Z,3,1,2,0,1,1,6,1,2,0
aespa,Next Level,node,UgxHfqaHiNo-OBjECWp4AaABAg,,와 미쳤다;;,@정신-s9o,2021-05-19T08:16:59Z,0,1,2,0,1,2,0,1,2,4
aespa,Savage,node,UgwnKyCt0NlFMpHNKgt4AaABAg,,지민아 기다릴게 나랑 결혼해줘요 어엉어엉ㅇ엉ㅇ,@기대면추락위험-d7l,2021-10-07T06:01:52Z,0,1,2,0,1,2,0,1,2,0
aespa,Next Level,node,Ugylckf7kQGQ0GtcnGx4AaABAg,,어디서 많이 들어봣는데 영화가 분노질주 거기..,@만남의광어,2021-06-06T14:54:31Z,0,1,2,4,1,1,6,0,1,6
aespa,Supernova,node,UgyrlSw-8yh-65f_6Hl4AaABAg,,전대미문이다 정말 대단,@January524,2024-05-14T12:34:42Z,5,1,2,0,1,2,0,1,2,0
aespa,Forever,reply,,UgxajV-IZTlUJwkANlx4AaABAg,진짜 너무촌스러워요ㅜㅜ하ㅜㅜㅜ내에스파..,@xjcuviwkkakzlc-118,2021-02-05T21:44:19Z,1,0,0,5,0,0,2,0,0,5
aespa,Forever,node,UgwINkdlaErsAKaMKTZ4AaABAg,,보져대ㅐㅇ,@armyxmy1959,2021-02-06T07:26:00Z,1,0,1,6,1,1,6,0,1,6
aespa,Next Level,node,UgzCOpJWiO10vh3JMb14AaABAg,,참 광야를 좋아하나봄,@라브릴,2021-05-17T10:59:25Z,0,0,0,6,0,0,2,1,1,6
aespa,Black Mamba,node,UgyYX6vlWFIdoDVoJ6x4AaABAg,,라이엇에서 신고해도될 것 같은데 KDA랑 너무 똑같아요,@민혜인-e7d,2020-11-17T11:59:28Z,4,0,0,3,0,0,2,1,0,3
aespa,Supernova,node,Ugzw9RVizGnpWMusfLR4AaABAg,,에스파는 미쳤다 그냥 개쩌네 노래가 첨 들어보는 노래라 충격이야,@HH-sw8dy,2024-05-16T05:45:48Z,20,1,2,0,1,2,4,1,2,4
aespa,Drama,node,Ugw3gEtfk4Fo84o4U7V4AaABAg,,에스파 화이팅!,@pacifyher1815,2023-11-10T04:18:48Z,0,1,2,0,1,2,0,1,2,0
aespa,Black Mamba,node,Ugw6ONmLo5GNGzTi1X54AaABAg,,에스파이팅!!!!,@스누-g4s,2020-11-17T10:34:56Z,1,1,2,0,1,2,0,1,2,0
aespa,Next Level,node,UgxzNrVBVT0CBa9fvMR4AaABAg,,다좋은데..저 캐릭터는 왜하는걸까 진심으로 궁금하다,@211-p7n,2021-05-18T12:32:52Z,13,0,0,2,1,1,6,0,0,2
aespa,Armageddon,node,UgwH01vBNqHU-w0ykOV4AaABAg,,지금까지 에스파가 지닌 미래지향적 컨셉의 설득력이 떨어졌다고 생각했으나 이 작품을 보고 난후 생각이 바뀜 넥스트 레벨 인정,@dumokc19,2024-06-01T16:57:03Z,0,1,2,0,1,2,0,1,2,0
aespa,Girls,node,Ugw0WanZzZiSc6LLKNR4AaABAg,,카리나는 완벽해,@mariamanueleneherbon4074,2022-07-08T07:52:43Z,1,1,2,0,1,2,0,1,2,0
aespa,Next Level,node,UgxTGZYh3r0gqKfRmCZ4AaABAg,,실화냐,@MegaSsung,2021-05-17T13:36:26Z,0,0,2,0,1,1,4,1,1,4
aespa,Supernova,reply,,Ugx1_ZNT8xJ9tfvHICl4AaABAg,지젤 되감기뿐만 아니라 빨리감기도 되는듯. 초반 아직 노을지는 집에서 지젤 폰에 내일이 생일이라 알림 뜸. 그 다음 빨리감기써서 바로 해지고 빌딩 시계에 자정이 넘어감. 능력으로 빨리 생일 오게 만든 거임. 그리고 혼자 케이크로 생축하고 있다가 닝닝이 나타나 깽판치고 불지르니까 이번에 아예 시간을 처음으로 카리나가 떨어지기 전으로 돌려버림,@hhh-yp9it,2024-05-15T09:36:35Z,11,1,1,6,1,1,6,1,2,6
aespa,Armageddon,node,UgyKIWUIWLASZwvoZ6h4AaABAg,,야이씨ㅜㅠㅜㅠㅜ사랑한다 에스파ㅠㅠㅠ에스파는 진짜 스엠이다ㅠㅠㅠㅠㅠㅠ,@iMJJANGnya,2024-05-27T13:27:12Z,1,1,2,0,1,2,0,1,2,0
aespa,Next Level,node,UgxtHGIVH4Mo145SUTR4AaABAg,,너희들이 좋아할 줄 알았어!,@aeso9993,2021-05-17T09:09:35Z,1,1,2,0,1,2,0,1,2,0
aespa,Next Level,node,UgwteEgiNwp8ed0s_C14AaABAg,,Ningning의 머리카락이 놀랍도록 아름답게 보입니다,@Gyuxuxu,2021-05-20T22:40:14Z,12,1,2,0,1,2,0,1,2,0
aespa,Armageddon,node,Ugx6cyeUEAPxxeTs0V94AaABAg,,걍 미쳤다는 말밖에는..,@yellopark1478,2024-05-27T09:19:45Z,0,1,2,0,1,2,0,1,2,0
aespa,Savage,node,UgyuxPgfKJ9VdoTHX6N4AaABAg,,재드래곤이 이 장면을 좋아합니다,@Hey-oq6fr,2021-10-08T04:09:24Z,0,1,2,0,1,2,0,1,2,0
aespa,Black Mamba,node,Ugyn1id3bAVBt7ZCF2t4AaABAg,,한국어 가사도 추가해주세요 ㅠ,@의문의남자,2021-01-13T20:27:58Z,16,1,2,0,1,1,6,1,1,5
aespa,Armageddon,node,UgxC45R4gsw6ZD38kmF4AaABAg,,뮤비감독님 아마겟돈 컨셉으로 뮤비만들어줘 라고 AI한테 시킨 결과물처럼 만들어주세요~ 라고 부탁받으셨나요? 마치 아마겟돈을 보고 온 것 같은 비쥬얼 머임? 수준 미쳤다,@hamin27,2024-05-27T10:25:58Z,16,1,2,0,1,2,4,1,2,0
aespa,Next Level,node,UgygXiAq1gQ2U5aLGsV4AaABAg,,레전드,@김병훈-o5e,2021-06-27T02:29:23Z,4,1,2,0,1,2,0,1,2,0
aespa,Next Level,node,Ugxv4NZC1PuTob_nn-54AaABAg,,중뽕 sm,@m_m5036,2021-11-04T14:40:52Z,1,0,0,2,0,0,2,0,0,2
aespa,Forever,node,UgzOyzH24HS-Ef3VaOV4AaABAg,,그들은 훌륭해,@ict3-mansibangbrandond379,2021-03-02T04:15:37Z,0,1,2,0,1,2,0,1,2,0
aespa,Armageddon,node,Ugw0riZok8liw3OwVDd4AaABAg,,와…. 뮤비가 와…,@달팽-z7b,2024-05-27T09:50:50Z,1,1,2,0,1,2,4,1,2,4
aespa,Black Mamba,node,UgxxbTqPNK_kIjt_LNx4AaABAg,,짱스파,@starsaurora1054,2021-03-30T07:48:47Z,0,1,2,0,1,2,0,1,2,0
aespa,Armageddon,node,UgyfMoCb_fbCEAsJimx4AaABAg,,수만이형 있을때가 순한맛이었구나...,@무비카세,2024-05-27T12:56:20Z,1,1,1,4,0,1,6,1,1,4
aespa,Savage,node,Ugz9z6u8rjSPD-8tYjl4AaABAg,,스우파 때문에 안무를 많이 못받았나 넥스트레블처럼 쫜득한 안무가 없네 조금 아쉽다,@imoncloud9mb,2021-10-07T16:39:37Z,1,1,1,5,0,0,5,0,0,5
aespa,Girls,node,UgwEXZLBiNuCnlo0uoh4AaABAg,,진짜 카리나가 SM 센터 계보를 이어받은 것 같다,@이브-j5o,2024-02-10T07:04:32Z,3,1,2,0,1,2,0,1,2,0
aespa,Armageddon,node,UgzvGT1FP0M4p46wnJF4AaABAg,,샤크라 같구 좋다…. 신세기샤크라… 막이래..,@sSiahtt,2024-05-27T12:16:16Z,1,1,2,0,1,2,0,1,2,0
aespa,Next Level,node,UgwjjdWq0itx9bostER4AaABAg,,지젤 내꺼 찜,@정혜민-g1s,2021-05-29T12:21:58Z,26,1,2,0,1,2,0,1,2,6
aespa,Savage,node,UgyV51ahtYXq8KIry794AaABAg,,뭔 노래인지 몰겠다 진심,@ThePurecjh7,2021-10-06T14:30:58Z,2,0,0,2,0,0,2,0,0,2
aespa,Next Level,node,UgxASqv2olFeNJ7vI0Z4AaABAg,,노래 중독성 있누,@rimo9889,2021-08-30T08:39:40Z,2,1,2,0,1,2,0,1,2,0
aespa,Forever,node,Ugz0k-T-9ll7lQX5WvN4AaABAg,,아니 그렇게 모든 유명한 아이돌 안무 따라하면서 민망하지도않냐 참나 어이없네 그래놓고 또 신곡냇냐???,@안유빈-y2k,2021-02-05T12:59:20Z,0,0,0,3,0,0,2,0,0,3
aespa,Savage,node,UgwKDkneFuZRAYjwfOt4AaABAg,,지젤은 점점이뻐지는...미쳤다리,@김현욱-j8n,2021-10-06T12:53:00Z,52,1,2,0,1,2,0,1,2,4
aespa,Black Mamba,reply,,Ugy2iZQxVysDOoxmF9d4AaABAg,@ 뭐야 ㅅㅂ,@오지윤-b5e,2020-11-18T13:59:10Z,0,0,0,3,0,0,3,0,0,3
aespa,Girls,node,UgwqnF0A6QH72HcKZ694AaABAg,,에스파,@옥순이-k7x,2023-02-10T23:15:46Z,53,1,1,0,1,1,6,1,1,6
aespa,Spicy,node,UgxL3yLGXw0kzNz9bfN4AaABAg,,마이들 힘내 일억가야지,@withthemoon4280,2023-05-21T06:23:16Z,4,1,2,0,1,2,6,1,2,6
aespa,Drama,node,Ugzhx6NXI6h7b9sS5z94AaABAg,,지젤 닝닝 비쥬얼 미쳤다 진짜....,@도도-h5w,2023-11-14T12:51:21Z,366,1,1,0,1,2,0,1,2,4
aespa,Supernova,node,Ugzuve5ELj8uMZNVeRl4AaABAg,,에스파 밟을수있죠?? 슈슈슈슈팔로마~,@tlswpdn11,2024-05-19T08:48:59Z,2,1,2,0,0,0,2,0,0,3
aespa,Armageddon,node,Ugw75LpvdjnmPZIT7H54AaABAg,,마이인데 이거 뮤비 도저히 이해를 못해서 해석한거 봤는데 진심 소름돋았음ㅋㅋ;; 올해의 뮤직비디오는 아마겟돈임ㄹㅇ,@ttub2,2024-06-01T19:11:09Z,0,1,2,4,1,2,4,1,2,4
aespa,Drama,node,UgwZg7uXG0uZowG5X354AaABAg,,15분 남았어요. 900만 뷰,@h0e4giselle,2023-11-10T14:46:56Z,1,1,2,0,1,1,6,1,2,0
aespa,Drama,node,Ugw1wbGtvo6GC4yheeh4AaABAg,,드라마 언제나,@informundo2964,2024-07-06T15:21:18Z,0,1,2,0,1,1,6,1,1,6
aespa,Girls,node,Ugy5urhhEFL4UQBk__R4AaABAg,,다 좋은데…….저 시뻘건 배경이 좀 용하고 이런게 중국풍이 깊은거 같아서 아쉬운듯….ㅠㅠ 배경 다른것도 많았을텐데 지젤 비녀 꽂은 모양도.. (제 개인적인 생각입니다ㅠㅠ),@닛몰캐순,2022-07-08T04:04:28Z,1,0,2,5,0,0,5,0,0,5
aespa,Armageddon,node,Ugws_adWx_rDN2lWQh94AaABAg,,뱅치기뱅뱅 치기뱅밴,@Kimkiyeon-y9u,2024-08-18T00:29:08Z,0,1,2,0,1,1,6,1,1,6
aespa,Forever,node,Ugx3NPRmmzvEG4ChY6V4AaABAg,,이수만 개노답이네 생긴건 21세기인데 왜 뽕짝을 부르냐,@정광태-l5g,2021-02-09T01:55:48Z,0,0,0,3,0,0,3,0,0,3
aespa,Welcome To MY World (Feat. nævis),node,Ugz8Y7WKWLt3unbpMjx4AaABAg,,진짜 선곡부터 이렇게 좋으면 어떻하냐고!!!,@user-yz1fw7dn7x,2023-05-02T09:47:42Z,6,1,2,0,1,2,0,1,2,0
aespa,Drama,node,UgyVgRqIOP-uhz_iRJB4AaABAg,,‘컴백’ #에스파 다음 행선지는 북남미∙유럽! 두 번째 월드 투어 지역 추가!  총 29개 지역 41회 공연으로 규모 대폭 확장! 2025년에도 이어질 ‘쇠맛’ 질주! ️‍,@Mhwynot23,2024-09-28T15:51:56Z,3,1,2,0,1,2,6,1,1,6
aespa,Forever,node,UgxpBbvntl6nCMaBGCV4AaABAg,,내가 원하는 에스파 노래는 이런게 아닌데 2번째까진 쌔게 갔어야 하는거 아니냐,@24시-u3h,2021-02-05T09:20:12Z,1,0,2,3,0,0,3,0,0,2
aespa,Spicy,node,Ugy1ON5phN8zAPJRb094AaABAg,,윈터 겨울봄 가능합니까..? 형님?,@Marin06022,2024-07-04T14:01:58Z,3,1,1,6,1,1,6,1,1,4
aespa,Next Level,node,UgyawKNApsiPtNXZngB4AaABAg,,이수만의 세계관 어마무시하네 이제는 무서울 정도임,@sominiworld,2021-06-04T16:14:52Z,0,1,2,4,1,2,4,1,2,4
aespa,Savage,reply,,UgySqXGvRwVCfOyGTCx4AaABAg,ㅋㅋㅋ 넥스트레벨도 그랬었어,@jillieyayo,2021-10-05T14:12:39Z,0,0,1,6,1,1,6,1,1,6
aespa,Savage,node,Ugy3BJQfOaPIEndwOlp4AaABAg,,넼레 보다 더 당황스럽다,@신지혜-f3f,2021-10-05T15:32:48Z,0,0,0,4,0,0,4,0,0,1
ITZY,달라달라(DALLA DALLA),node,Ugxgf-MBnkkjdR7MxrN4AaABAg,,이때가좋았다ㅋㅋㅋㅋ아 진짜 낫샤이때부터 곡이 팍 좋다는느낌이 잘안들어 진영아손떼자 제발,@헷-e2g,2021-04-30T14:36:04Z,27,0,0,3,0,0,2,0,0,2
ITZY,ICY,node,Ugx_RO5HNwWj9JzwKPt4AaABAg,,있지,@bunhongrabbitasmr6943,2019-07-29T16:35:06Z,2,1,2,0,1,1,6,1,1,6
ITZY,SWIPE,node,UgxYk1NZvs6_yX2n8at4AaABAg,,와 뮤직비디오 너무 좋고 멋있어요 ITZY가 정말 좋아요 ITZY의 정신을 응원합니다,@shedck_,2021-09-26T10:12:05Z,68,1,2,0,1,2,0,1,2,0
ITZY,마.피.아. In the morning,node,Ugxpw9G6VIKZIzAFV5d4AaABAg,,류진 정말 멋졌네요!!!!,@nguyenhoangnam2813,2021-04-30T04:10:18Z,0,1,2,0,1,2,0,1,2,0
ITZY,마.피.아. In the morning,node,Ugzftlxd2TQzzohkUCJ4AaABAg,,훌륭한 소녀들을 만나고 싶지만 할 수 없습니다. 그들은 춤과 노래가 훌륭합니다. CANSIOnes를 알고 있습니다,@marioalbertoperezrodriguez3226,2021-06-07T21:59:32Z,24,1,2,0,1,2,0,1,2,0
ITZY,달라달라(DALLA DALLA),node,Ugxio6ghxRaIkFw1gGp4AaABAg,,티저본후 - 오 느낌 오진다... 뮤비보기전 - 조회수도 오지네..ㄷㄷ 뮤비본후 - 무슨 노래가....,@흰둥이-m8o,2019-02-11T04:22:15Z,1,0,0,4,1,2,0,1,2,4
ITZY,LOCO,node,UgwKpAFRPwGU1zpwwWN4AaABAg,,옷에 홀려서 계속 보고 있네.,@singguo,2021-10-03T01:34:21Z,0,1,2,0,1,2,0,1,2,0
ITZY,달라달라(DALLA DALLA),node,Ugza0s8MqCPx-xNIxtd4AaABAg,,한명 일반인 있는데 노린건가?? 아니면 낙하산??,@박상일-x6e,2019-02-23T03:40:12Z,1,0,0,4,0,0,6,0,0,2
ITZY,WANNABE,node,Ugwp4c-YBYo7VPTC1DR4AaABAg,,와.. 진짜 좋다,@윤-r6t,2020-03-09T10:41:32Z,1,1,2,0,1,2,0,1,2,0
ITZY,달라달라(DALLA DALLA),node,UgxRbyNjZpP3XYGIFGB4AaABAg,,제왑도 이제 끝물이네. 노래도 별로 애들도 별로..,@hanlee1628,2019-02-10T19:03:31Z,0,0,0,5,0,0,2,0,0,2
ITZY,달라달라(DALLA DALLA),node,Ugz9tO9X39VbxKqjq4F4AaABAg,,뭔노래,@뮁뮁-r7f,2019-02-10T16:50:23Z,0,0,0,2,0,0,2,0,0,2
ITZY,달라달라(DALLA DALLA),node,UgzA9X_n1-obuKaqsiV4AaABAg,,어우..난 잘 모르겠당,@냥이포포-o3m,2019-02-10T15:52:10Z,0,0,0,2,0,0,6,0,0,2
ITZY,BET ON ME,reply,,UgxoOoVbu1qw3gXk_3l4AaABAg,할 수 있어 언니! 힘내시고 계속 파이팅하세요! ️ 나는 한국어를 잘 못한다. 번역기를 사용했어요️ 캐나다에서 사랑을 보냅니다! stay strong! you can only go higher :) 3,@-huma,2023-07-03T03:00:04Z,12,1,2,0,1,2,0,1,1,0
ITZY,달라달라(DALLA DALLA),node,Ugy6LklHHCxwKLwxDaN4AaABAg,,스트레이 키즈 첫 번째 후배,@jnlui7283,2019-02-10T15:20:37Z,0,1,2,6,1,1,6,1,1,6
ITZY,WANNABE,node,Ugx9HngcWRp7E0xMDQ14AaABAg,,한국인 모여라,@리오임,2020-03-09T09:05:26Z,0,1,2,6,1,1,6,1,1,6
ITZY,달라달라(DALLA DALLA),node,UgyCnBHZfYF212qyZCR4AaABAg,,채령 언니 대뷔 기다렸어요,@아잉-k9x,2019-02-13T04:19:41Z,0,1,2,0,1,2,0,1,2,0
ITZY,달라달라(DALLA DALLA),node,UgwRleB1TA_ZUQHg-Xl4AaABAg,,왜 이게 인기 뮤비 1위지..?ㅋㅋㅋㅋㅋㅋㅋ,@나닷-g1t,2019-02-13T15:30:26Z,0,0,0,2,0,0,4,0,0,2
ITZY,Voltage,node,UgwmBuXuZjuT6zmZIwZ4AaABAg,,걸그룹 세계1위 되길~ 근데 일본말은 빼자,@ksjhoo,2022-04-09T08:48:35Z,2,0,0,0,1,2,0,1,2,0
ITZY,달라달라(DALLA DALLA),reply,,UgwrVWT-FqrU1SKkhEJ4AaABAg,ㄹㅇ ㅆㅇㅈ 달라인데 뭐가 다르다는건지 신류진만 존나 이쁘네,@김드록바-d7r,2019-02-11T06:16:49Z,0,0,0,2,1,2,0,0,0,2
ITZY,BORN TO BE,node,UgzvKswV4n4lrg4Y1kx4AaABAg,,ITZY는 실망시키지 않는다,@itzyArewa,2023-12-19T05:33:26Z,0,1,2,0,1,2,0,1,2,0
ITZY,Cheshire,node,UgyxYd1taYy7gH6daXJ4AaABAg,,곡 너무 잘뽑았다 이런컨셉으로 해도 괜찮을듯,@tofu8481,2022-12-13T06:03:36Z,2,1,2,0,1,2,0,1,2,0
ITZY,None of My Business,node,UgzambpBtytv0d9oTKl4AaABAg,,아 애들 너무 말랏다... 조금 더 살찌우게 좀 하지...보기 안쓰럽다. 너무 타이트하게 관리하네,@sdlee9851,2023-07-24T04:13:49Z,1,0,0,5,0,0,5,0,0,3
ITZY,WANNABE,node,Ugy_Xtfz-Xn07Ddz_n54AaABAg,,한국인 찾습니다...,@에러-e2m,2020-03-09T12:54:03Z,0,0,0,5,1,1,6,1,1,5
ITZY,SNEAKERS,node,UgxUzN7mjN_v2mt4xV14AaABAg,,Itzy 정말 사랑해,@takip_gt_kalite,2022-08-12T22:35:50Z,2,1,2,0,1,2,0,1,2,0
ITZY,Boys Like You,node,UgwNrVMel1jYC0ze--t4AaABAg,,와우 그들은 훌륭했습니다. 이제 나는 그들을 더 많이 스탠합니다.,@jillianmael.garcelazo1202,2022-10-21T11:16:52Z,0,1,2,0,1,2,0,1,2,0
ITZY,Not Shy,node,UgxfRNE54lcAN_Jc8FR4AaABAg,,실시!@,@아빠츄지구세계주인이,2020-11-15T23:06:43Z,0,1,2,0,1,1,6,1,1,6
ITZY,마.피.아. In the morning,node,UgyIk3r3I4Ujv0R11JB4AaABAg,,있지 짱,@loey4lyfe614,2021-04-30T04:17:38Z,1,1,2,0,1,2,0,1,2,0
ITZY,ICY,node,UgyOcp1qxglMqo8YSyp4AaABAg,,헐 대박이에여ㅠㅠ,@h2everyone,2019-07-28T16:03:35Z,3,1,2,0,1,2,0,1,2,4
ITZY,ICY,node,UgwE2uNWTbe2JFpLGGt4AaABAg,,듣기만해도 시원해지네 에에에에 이부분 넘 중독있어서 계속 생각날듯️ 울 예지 예쁘당,@happy-xt6hn,2019-07-28T15:11:58Z,0,1,2,0,1,2,0,1,2,0
ITZY,CAKE,node,UgzwFQEMnNdRZVeVuGZ4AaABAg,,여름이라 쓰고 있지라 읽어버렸어요 우리 사랑둥이들 너무 멋진 곡으로 돌아와줘서 고마워!!,@midzy_kko_itzy,2023-07-31T09:01:57Z,1,1,2,0,1,2,0,1,2,0
ITZY,WANNABE,node,Ugz_Wz1WcMccED4vXNV4AaABAg,,박진영이 딴따라로서 가지고 있는 신념을 잇지를 통해서 전달하는 느낌.,@dormin301,2020-03-09T09:47:47Z,0,1,2,0,1,2,0,0,1,2
ITZY,Not Shy,node,UgzYgb3XtnGZBpKplBp4AaABAg,,축하합니다 당신은 150 000댓글중에 한국인을 찾았습니다 한국인일시 좋아요를 눌러주세요 ⬇️ ⬇️ ⬇️ ⬇️,@tot3038,2020-08-21T03:33:16Z,0,0,0,2,1,2,6,1,1,0
ITZY,WANNABE,node,UgyksNijJ5TUIQZv6mN4AaABAg,,있지 믿지 날자!,@쨜럽채률,2020-05-07T01:19:55Z,2,1,2,0,1,2,0,1,2,0
ITZY,BET ON ME,node,UgzAiAYtwVkMxvo5vbx4AaABAg,,있지 버젼 필스페셜 같은 느낌이네요,@ppwebber,2023-07-02T15:19:00Z,1,1,1,6,1,2,6,1,1,0
ITZY,ICY,node,UgxzbynfqUEaW1AHAG14AaABAg,,제목 생각 안나서 아이씨더라마이씨검색했다.,@결혼하자박정민,2020-03-31T22:28:35Z,2,1,2,0,1,1,6,1,1,6
ITZY,BET ON ME,node,UgwYDR1bA3un96gr1SR4AaABAg,,예지 뛸 때부터 갑자기 눈물바다됨 있지 언제나 최고다ㅠ,@파도거부깅,2023-07-03T07:20:40Z,1,1,2,0,1,2,0,1,2,0
ITZY,Not Shy,node,UgyZNCjU2R-2y-VutdJ4AaABAg,,맘에드네여..,@ShyeRecord,2020-08-18T19:43:14Z,0,1,2,0,1,2,0,1,2,0
ITZY,Cheshire,node,Ugzd_NZRlEbxy0X-Qtt4AaABAg,,위대한 속편 우수한,@candychannel252,2023-06-16T03:25:01Z,3,1,1,0,1,2,0,1,2,0
ITZY,달라달라(DALLA DALLA),node,UgyH_haX7x0gjikCmMt4AaABAg,,그래 니들 맘대로 살아라...,@swbaek1214,2019-02-15T11:47:57Z,1,0,0,2,0,0,2,0,0,2
ITZY,달라달라(DALLA DALLA),node,UgzjQQcXGR9f_mbPr7p4AaABAg,,이번에 다들 실력파네️️️️️️️️,@츄츄잉-b8r,2019-02-15T04:35:46Z,0,1,2,0,1,2,0,1,2,0
ITZY,ICY,node,UgzFU_-KBD8RQ1K53hp4AaABAg,,예지언니 사랑해,@유빈그만둠,2019-09-30T08:32:21Z,2,1,2,0,1,2,0,1,2,0
ITZY,Not Shy,node,UgyJ3sK9xhMnrsqvKvZ4AaABAg,,이태희를 부르는 나의 가장 좋아하는 부분,@delagonsalvec9377,2020-08-23T09:47:57Z,0,1,2,0,1,2,0,1,2,0
ITZY,SNEAKERS,node,UgyWQZgiqqz8XW7_kV94AaABAg,,에프터스쿨...,@문어지지마-q9g,2022-07-15T22:33:30Z,1,0,1,2,0,1,6,0,1,6
ITZY,WANNABE,node,UgxNDlDRlchi4qWX4Wt4AaABAg,,개중독이네 정말 ㅋㅋ 골반 터는 장면은 볼때 마다 빤스 갈아입네,@TAeJUnJANg,2020-03-15T16:03:38Z,0,1,2,0,1,2,0,1,2,0
ITZY,None of My Business,node,UgwvFpRXK1av1cgafM14AaABAg,,와 진심으로 뮤비도 너무 취향 저격이고 좋아요! 노래도 진짜 아련하면서도 중독성 있고 진짜 최고!!!,@dkkim327,2023-07-23T15:15:14Z,17,1,2,0,1,2,0,1,2,0
ITZY,마.피.아. In the morning,node,UgyIb_tUDAgyJ8RD8_x4AaABAg,,유튜브 조회수 늘어나는 속도봐라..3-4시간전에 3500만 인거 같았는데..4000만 돌파가 코앞이네.,@안재헌-m5n,2021-05-02T13:31:29Z,0,1,2,0,1,2,0,1,2,0
ITZY,마.피.아. In the morning,node,Ugwtn5RgnWWYEFSjfFB4AaABAg,,이 노래 포인트 1 리아 보컬... 드디어 매력적 음색포인트 잘 잡은 듯 ㅠㅠㅠㅠㅠ 2 유나 개찰진 링~딩딩딩ㅣ딩ㅇ딩 3 예지 랩이 너무 좋음 엄청 자신있어지는 느낌? 보컬만 좋은 줄 알았는데 갠적으로 랩도 보컬 못지 않게 좋은 듯 그리고 항상 느끼는 건데 유나 목소리가 진짜 있지 신의 한수인 듯 완전 맛깔남 조미료 팍팍 뿌리는 느낌,@주우-y5b,2021-04-30T15:37:28Z,8,1,2,0,1,2,0,1,2,0
ITZY,WANNABE,node,UgxAUh-vb1qIN3luYRx4AaABAg,,펄럭s,@이재성-b2b,2020-03-09T10:05:25Z,0,1,2,0,0,1,6,1,2,0
ITZY,Boys Like You,node,UgwBXhtNTK6lP1eedDN4AaABAg,,채령,@소이-j4c,2022-10-23T09:34:34Z,1,1,2,0,1,1,6,1,1,6
ITZY,CAKE,node,Ugx42frCvSqTftf1Xwx4AaABAg,,레쭈고 있지.ᐟ.ᐟ.ᐟ,@designeater,2023-07-31T08:59:22Z,0,1,2,0,1,2,0,1,2,0
ITZY,Not Shy,node,UgyBmQxfaxPDZnCxDi14AaABAg,,있지나낫이샤 블랙핑크베이비몬스터 혼나불래거야,@김상기-o7q,2024-02-09T11:44:12Z,3,1,1,0,0,1,6,1,1,6
ITZY,달라달라(DALLA DALLA),node,UgzcKE1Zg_2Xlb8CKXp4AaABAg,,응?,@채원-w6d,2019-02-12T15:09:17Z,1,1,1,4,0,1,6,0,1,4
ITZY,WANNABE,node,Ugz8iTo-2oKKutqbS694AaABAg,,전그룹이 너무 강했다..,@SS-sr7rg,2020-03-09T13:56:28Z,0,1,0,5,0,0,6,0,0,5
ITZY,CAKE,node,UgzeBMTJazP7k7LKIox4AaABAg,,너는 너 나는 나,@Yeji526,2023-09-02T11:42:23Z,6,1,1,0,1,1,6,1,1,6
ITZY,WANNABE,node,UgydBdVrEWc7QAmhWep4AaABAg,,가사 정말 개오글거림,@caterpie89,2020-03-11T07:48:42Z,2,0,0,2,0,0,2,0,0,2
ITZY,SNEAKERS,node,Ugzwk4W9Ku3eTM0G5Wh4AaABAg,,ㅈㄴ이쁘다,@user-lr8xv8jt1v,2022-07-15T04:09:21Z,0,1,2,0,1,2,0,1,2,0
ITZY,WANNABE,reply,,UgxSItBOmhL42YDEm954AaABAg,@-d4o 대기업에서 시키는대로 뻥끗뻥끗하는게 대기업 인형이지 뭐야 ㅋㅋㅋ 인디뮤지션들은 바보라서 제멋대로 사는줄아나,@김선아-b5q,2020-03-14T10:51:21Z,0,0,0,2,0,0,2,0,0,3
ITZY,SWIPE,reply,,UgyFiKWMsflc0hpP4At4AaABAg,둘 다 하면 좋죠,@danial9640,2021-09-28T13:19:04Z,0,1,1,0,1,2,0,1,1,6
ITZY,UNTOUCHABLE,node,UgzZH4U1GWfASS7eDJx4AaABAg,,예지 잇지,@월드컵우승고고,2024-01-11T14:55:38Z,3,1,1,0,1,1,6,1,1,6
ITZY,ICY,node,UgyFqrGXK66FRUd6ldx4AaABAg,,한국인노래좋다고 생각하면  눌러,@gphoio6574,2019-07-29T06:32:05Z,6,1,1,0,1,1,6,1,1,0
ITZY,BORN TO BE,node,UgyzJznlBbAkYZ3mffB4AaABAg,,예지의 목소리가 너무 아름다워서 영원히 들을 준비가 됐어,@Adel_288,2023-12-18T20:44:47Z,30,1,2,0,1,2,0,1,2,0
ITZY,Mr. Vampire,node,Ugw5BoYKFRxRBDUWc7d4AaABAg,,노래의 개성도 살아있고 뮤비도 블루스크린 별로 사용 안해서 자연스러움이 살아있고 목소리의 매력도 있지!,@tea_ink6353,2024-02-06T22:35:30Z,1,1,2,0,1,2,0,1,2,0
ITZY,Not Shy,node,UgyAo0dndxm4Ij2NVAl4AaABAg,,한글 좀 보자 외국애들은 좀 가라,@kmsup777,2020-08-17T09:28:14Z,10,0,0,2,0,0,2,0,0,3
ITZY,달라달라(DALLA DALLA),node,UgyPyo6j8yOtas5us5d4AaABAg,,준비하는 여돌있으면서 소미만 고생했네,@eeeei4439,2019-02-13T17:19:08Z,2,0,0,5,0,0,5,0,0,5
ITZY,ICY,node,UgxaHoT8W6DNfhDf4RB4AaABAg,,존예 시벌..,@배고프다-y3c,2019-07-28T15:24:11Z,0,1,2,0,1,2,0,1,2,0
ITZY,달라달라(DALLA DALLA),reply,,UgyKUTuIT49vCqDwhK94AaABAg,거울봤구나,@PisickXl,2019-06-05T14:30:19Z,1,1,0,2,1,2,6,0,1,6
ITZY,WANNABE,node,Ugze8ndZrOxDuXymwXF4AaABAg,,류진 단발 개이쁨 미쳤어 언니️,@물티슈-c1g,2020-03-09T09:29:58Z,0,1,2,0,1,2,0,1,2,0
ITZY,LOCO,node,Ugz4lpDCguOGwZ5QgtB4AaABAg,,있지는 보컬이 너무 심심하다,@초원-e4z,2021-10-12T04:12:36Z,1,0,0,2,0,0,2,0,0,5
ITZY,마.피.아. In the morning,node,UgzUvX8RjUXRyIvfa5B4AaABAg,,마피아42,@sogazi,2021-05-03T07:19:16Z,0,1,1,0,1,1,6,0,1,6
ITZY,달라달라(DALLA DALLA),node,UgxoSxD1UGZqpQnj1BF4AaABAg,,다 매력있게생겼다다..,@최윤서-q8q,2019-02-11T09:29:49Z,0,1,2,0,1,2,0,1,2,0
ITZY,Not Shy,node,Ugz79n1EN7YibdCsvRF4AaABAg,,안내서! 특히 후렴구가 많이 놀랐습니다. 환상적이야 내가 제일 좋아하는 노래,@einamyteblink9059,2020-08-17T10:04:00Z,5,1,2,0,1,2,4,1,2,4
ITZY,마.피.아. In the morning,node,Ugz6w1af20AK7U9rLgh4AaABAg,,와....누구보다도 리아가 너무 눈에 띄게 춤이 늘었다...멋져,@징키-v6y,2021-04-30T05:07:02Z,0,1,2,0,1,2,0,1,2,0
ITZY,UNTOUCHABLE,node,UgxtKlWLO3GSiKzKaqt4AaABAg,,즐겨찾기,@solanvx,2024-01-13T09:03:35Z,2,1,2,0,1,2,0,1,1,6
ITZY,달라달라(DALLA DALLA),reply,,UgxbNBKSN8t6pKCjx3N4AaABAg,요즘 한국인도 다들 영어로 댓글질ㅎㅎ Awesome so cool 이러면서,@modugasarang4988,2019-02-13T01:40:05Z,1,0,0,2,1,1,6,0,0,2
ITZY,ICY,node,UgzpuVr21vvRlqtGMZp4AaABAg,,처음에오프닝이달라하고비슷함,@ssmin0179,2019-07-31T11:59:18Z,0,0,1,2,0,1,6,1,1,2
ITZY,LOCO,node,UgwAu7mwT_nb1QmnUC94AaABAg,,한글 자막 있는게 너무 좋다,@다귀찮아-u7v,2021-11-16T21:57:24Z,6,1,2,0,1,2,0,1,2,0
ITZY,마.피.아. In the morning,node,Ugxm4solLUIbEvQUnjh4AaABAg,,가장 한국적인게 가장 세계적인건데... 해외 겨냥해서 만들어서 노래 별로인것처럼 느껴질수있다는건 핑계일 뿐입니다. 블랙핑크꺼는 우리가 듣기도 좋으니 세계가 듣기도 좋잖아요?,@버찌김민규,2021-05-01T13:51:09Z,2,0,1,0,1,2,0,1,0,2
ITZY,WANNABE,node,Ugy_T8ChZQZcPMHaT6B4AaABAg,,있지는 항상 신나는 곡이 어울리는 그런 상큼한 분들 같아요. 그리고 너무 워너비 잘 보고 있어요. 그리고 류진씨는 춤도 잘 추고 이번에는 보컬이 좀 듣기 좋았던것 같아용. 그리고 너무 곡도 매력있고 그리고 있지는 각자만의 매력이 잘 살아난것 같아용. 너무 보기 좋았네용.,@soojung1972,2020-03-12T01:45:32Z,69,1,2,0,1,2,0,1,2,0
ITZY,SWIPE,node,UgzzGoJvgr_ZXKE09Bp4AaABAg,,로꼬보다 이 노래가 더 재밌고 좋네 가볍게 들을 수 있고 안무도 재밌음,@러북슬,2021-09-26T20:12:31Z,3,1,2,0,1,2,0,1,2,0
ITZY,WANNABE,node,Ugx1uiVs-hNoFRwgCRR4AaABAg,,노래 별로다,@장자알라,2020-03-09T23:26:35Z,0,0,0,5,0,0,2,0,0,2
ITZY,마.피.아. In the morning,node,UgxDcgWWvx0C1aVuzN94AaABAg,,아주 짧은 시간에 아주 많이 견해!!,@hilal6995,2021-05-19T19:01:59Z,1,1,2,0,1,2,0,1,2,0
ITZY,UNTOUCHABLE,node,UgzNzhzc_NONfAwfjZp4AaABAg,,있지 폼 미쳤다,@wee-vx8tf,2024-01-08T09:05:46Z,0,1,2,0,1,2,0,1,2,0
ITZY,달라달라(DALLA DALLA),node,Ugza0Z2lBjxcRlXsfkR4AaABAg,,너무너무 예쁨,@한균례-f7j,2020-07-06T10:06:07Z,0,1,2,0,1,2,0,1,2,0
ITZY,WANNABE,node,UgwvFrWjdo2zXas85G54AaABAg,,노래 제목 완나베인줄 워너비네 띄어쓰기 좀;;,@jingu0510,2020-03-09T09:41:17Z,0,0,0,0,0,0,2,0,0,3
ITZY,UNTOUCHABLE,node,UgwhNo-TqEbzu1dHTit4AaABAg,,있지 멤버 모두 이번 컴백 준비하느라 고생했고 이번 본투비 엘범 대박났으면 좋겠다! 항상 화이팅하고 있지 믿지 날자!,@JUN0_0xo,2024-01-09T16:37:02Z,1,1,2,0,1,2,0,1,2,0
ITZY,WANNABE,node,UgyxtUbxtDpOeHFqMGt4AaABAg,,채령이 파트좀 많이 주지,@sujinna230,2020-03-09T13:56:19Z,0,0,0,5,0,0,3,0,0,5
ITZY,SNEAKERS,node,UgzPCireZXefMot2Ki14AaABAg,,헐 190만 좋아요네!!,@이재훈-r6f7g,2022-08-11T12:02:55Z,1,1,2,0,1,2,4,1,2,0
ITZY,마.피.아. In the morning,node,Ugx0xx9-1d5S9tU_vid4AaABAg,,하...,@라라맘-e6j,2021-04-30T13:56:01Z,0,0,0,3,0,0,6,0,1,5
ITZY,달라달라(DALLA DALLA),node,UgxueFjQ4cB1vUFFccR4AaABAg,,있지 예지가 ㅇㅅㅇ,@devildevil1004,2019-05-15T17:58:08Z,0,0,0,5,1,1,6,1,1,6
ITZY,ICY,node,Ugyo_iuQjMm4QgSM9JN4AaABAg,,징짜별루다...,@Mingg-h7v,2019-07-29T01:35:19Z,0,0,0,5,0,0,2,0,0,2
ITZY,WANNABE,node,UgzYQJxeTFr9Mcwo_014AaABAg,,주제와 가사를 안살려도 좋으니까 음악을 더 잘만들어주세요.,@frankkim3012,2020-03-09T13:18:17Z,0,1,0,3,1,2,0,0,0,2
ITZY,CAKE,node,Ugz3wcMe-H_bIBwFjGR4AaABAg,,노래좋아요 ! 대박 가보쟈 !!!!!!,@yunina_unni,2023-08-05T12:45:24Z,133,1,2,0,1,2,0,1,2,0
ITZY,마.피.아. In the morning,node,UgzSH37wWvkHqJj0htJ4AaABAg,,크 요즘 여자 아이돌 춤 진짜 잘추네요,@hodupielover,2021-05-01T19:33:54Z,0,1,2,0,1,2,0,1,2,0
ITZY,마.피.아. In the morning,node,UgyHgQbEXz694Abp3qp4AaABAg,,제발 이거 1.75 배속으로 들어봐요.. 오글거리는거 다 없어지고 노래도 겁나 신나짐,@assertive7969,2021-05-05T11:38:29Z,3,1,2,0,1,2,0,1,2,0
ITZY,WANNABE,reply,,UgxuLW_-HrQyc9keZRN4AaABAg,초포바로위나라는 브랜드 스커트에요,@김수란-f9x,2020-03-09T09:50:02Z,0,1,1,6,1,1,6,1,1,6
ITZY,ICY,node,Ugxx2joBvCkybeVaN6h4AaABAg,,와 완전 별로다... 역대급인데. 구리다 .,@backtothefutuization,2019-07-28T17:42:41Z,1,0,0,2,0,0,2,0,0,2
ITZY,Cheshire,node,UgzeChb2mGU9NaDMmWd4AaABAg,,국내에는 홍보가 안되서 몰랐는데 조회수 보고 존나 잘나가고 있구나 느낍니다.. 앨범도 잘팔린다던데 ㅎㄷ;; 있지 좋아요!,@행복행복행복-t2e,2023-02-11T07:53:51Z,27,1,2,0,1,2,0,1,2,4
ITZY,WANNABE,node,UgxT4pPe985kmeDsijl4AaABAg,,넘 이쁘네용,@아름아리-e9m,2020-03-11T02:03:28Z,3,1,2,0,1,2,0,1,2,0
ITZY,마.피.아. In the morning,node,UgyIQ4-Tv1o1e5lwcSV4AaABAg,,마피아 노래 겁나 좋아ㅜㅜㅜㅜㅠ중독 미쳤음 있지도 좋아지고 진짜........걍 가사도 좋음 난ㅋㅋㅋㅋㅋㅋㅋ,@ooo-ig5fv,2021-05-14T22:26:24Z,1,1,2,0,1,2,0,1,2,0
ITZY,LOCO,node,Ugz-_eo24WHTmiCq7mN4AaABAg,,갈수록 음악이... jyp에게서 도망쳐.. 어서 있지!,@다온-x5u,2021-10-01T05:12:49Z,1,0,0,3,0,0,5,0,0,5