,Group,Title,,date,likes,comment,sentiment
0,NMIXX,별별별 (See that),,2024-08-19T09:01:15Z,0,와씨 이번 컴백곡 미쳤다 (아직 안봄) 보고 왔는데 개지리누 춤연습 영상 빨리 빨리 올라와라!!,2
1,NMIXX,별별별 (See that),,2024-08-19T09:04:49Z,0,오늘만 기다렸다,2
2,NMIXX,Party O’Clock,,2023-07-11T19:22:59Z,0,아니 노래들이 점점 그냥 대중적으로 가자 제발 음악성 어쩌고저쩌고 모르겠고 듣기 편하고 신나는걸로 가자,1
3,NMIXX,Party O’Clock,,2023-07-12T10:27:02Z,4,근데 뉴진스 원래 조회수는 잘 안나옴 데뷔곡부터도 조회수 밀리는데,1
4,NMIXX,蜚蜚 (FEIFEI),,2024-07-31T21:00:17Z,0,짜증나네.. 하필 ㅉㄲ 어로 노랠 부르다니..,0
5,NMIXX,별별별 (See that),,2024-08-19T09:00:43Z,1,와 미쳤다(아직안봄),2
6,NMIXX,별별별 (See that),,2024-08-23T07:47:08Z,2,요즘 지우 설윤 많이 밀어주는 것 같아서 좋음 그렇다고 기존에 밀어줬던 멤버들도 다 맞는 파트 주고 .. 요즘 일 잘하는 듯,2
7,NMIXX,Love Me Like This,,2023-03-20T09:34:15Z,3,1위 가즈아,2
8,NMIXX,Party O’Clock,,2023-07-11T14:09:46Z,0,새청바지들을 상대하기엔 많이 부족하다 너무 의식해서 오바하지 않길 바람,1
9,NMIXX,Soñar (Breaker),,2023-12-04T15:28:39Z,10,엔믹스스러워서 좋네 o.o랑 다이스 개좋아했어서…규진님은 진짜 미쳤다,2
10,NMIXX,Party O’Clock,,2023-07-11T09:44:07Z,1,하우스풍 케이팝은 언제나 옳다….,2
11,NMIXX,별별별 (See that),,2024-08-20T14:24:34Z,7,니 인생이 훨씬 망함,0
12,NMIXX,O.O,,2022-03-01T08:27:46Z,1,화이팅,2
13,NMIXX,Funky Glitter Christmas,,2022-11-22T20:44:05Z,1,the song is really good keep up the enthusiasm for nmixx. I know nmixx will be more successful next time ! 사랑해 정신,-
14,NMIXX,O.O,,2022-02-22T11:41:02Z,1,KYUJIN 사 랑 해 요 !!!!!!!!!!!!!!!!,2
15,NMIXX,별별별 (See that),,2024-08-19T10:30:26Z,0,안보고싶으면 보질마세여 ㅎ,0
16,NMIXX,"Young, Dumb, Stupid",,2023-03-22T07:57:27Z,5,빌보드 핫 트렌딩 송 1위 추카추카,2
17,NMIXX,O.O,,2022-03-09T13:43:52Z,0,NMIXX Like OOH-AHH(OOH-AHH하게),2
18,NMIXX,DICE,,2022-09-19T10:47:20Z,4,아니 진심으로 엔써로서 화나서 그럼 떡고 미친거임?? 4세대 여돌판 거의 전쟁터인데 진심으로 이런걸로 승산이 있다고 생각한건지...4본부 감 다 뒤진 덕분에 엔믹스가 제왑여돌 최초로 신인상 못받는 그룹이 될거임... 진심 눈물나고 암담함,0
19,NMIXX,DICE,,2022-09-19T09:51:14Z,0,이게 엔믹스다,2
20,NMIXX,별별별 (See that),,2024-08-19T15:11:23Z,1,사실 내심 이번엔 대중적으로 오나 기대했는데 한번 들으니까 대중적이고 뭐고 우린 이게 맞는거같다ㅋㅋㅋㅋㅋㅋ,1
21,NMIXX,蜚蜚 (FEIFEI),,2024-07-31T19:32:17Z,0,뭔 노래인가 했더니 해품달 ost 였네,1
22,NMIXX,별별별 (See that),,2024-08-19T17:36:31Z,21,노래 맛깔난다 진짜.. 이게 엔믹스지,2
23,NMIXX,DICE,,2022-09-19T13:16:21Z,0,지우 진짜 이쁨!!!,2
24,NMIXX,Party O’Clock,,2023-07-11T09:05:54Z,0,와아 3분 왜이렇게 짧아요,2
25,NMIXX,별별별 (See that),,2024-08-23T13:48:21Z,7,인급음 1위까지 약 백만뷰 남음~~ vamos!!!!!!!!!!!,2
26,NMIXX,DASH,,2024-09-20T06:24:06Z,4,NMIXX ()’s Top Popular Songs on YouTube Music! 별별별(See That?) - 35M DASH - 84M Love me Like This - 187M Love is Lonely - 6.6M DICE - 192M,-
27,NMIXX,Soñar (Breaker),,2023-12-04T09:02:03Z,0,이번노래도 대박 나자,2
28,NMIXX,별별별 (See that),,2024-08-19T12:57:48Z,4,아... 대쉬로 고점박고 이번엔 천장 뚫을 줄 알았더니 여기서 브레이크 걸리네;;. 많이 아쉬운데... 또다른 곡이 있는건가,0
29,NMIXX,별별별 (See that),,2024-08-19T09:08:14Z,0,우리 딸들 너무 멋지고 재능이 많아서 매번 놀랍니다!!,2
30,NMIXX,O.O,,2022-02-22T14:56:20Z,2,이거 노래라고?..,0
31,NMIXX,"Young, Dumb, Stupid",,2024-02-02T08:31:40Z,3,이 노래가 타이틀곡이여야 하는데ㅠ 앨범 사고싶어ㅠ,2
32,NMIXX,"Young, Dumb, Stupid",,2023-03-12T16:12:24Z,0,와 설윤 똥 머리 겁나 잘 어울려 ㅎㄷㄷ,2
33,NMIXX,O.O,,2022-02-22T11:37:24Z,0,릴리 홧팅!! 앤믹스 홧팅!!,2
34,NMIXX,O.O,,2022-02-23T07:15:59Z,14,2022년 2월 2일 Nmixx 데뷔곡 이 뮤직비디오를 절대 잊지 못할거야!!!,2
35,NMIXX,Roller Coaster,,2023-07-03T09:28:00Z,0,엔믹스지우언니 대박나요,2
36,NMIXX,별별별 (See that),,2024-08-19T09:28:14Z,0,사랑해..............,2
37,NMIXX,Funky Glitter Christmas,,2023-01-23T09:00:48Z,2,규진...장규진 최고....배 지우도 좋아,2
38,NMIXX,O.O,,2022-02-23T03:42:06Z,0,When ITZY debuted with 달라달라 people will complaining that the song is so confusing and has too many different parts in it. I swear in a few years nobody will be complaining about O.O being “confusing” this will be the start of a cultural shift again,-
39,NMIXX,DICE,,2022-09-20T11:41:33Z,0,뭐여 이게?,0
40,NMIXX,DICE,,2022-09-19T13:45:32Z,0,애들 실력 좋고 외모 뭐 하나 빠지지 않는 애들인데 노래가 진짜 너무 당황스럽다ㅜㅜ 제왑 제발 믹스팝을 할 거면 좀 요즘스럽게 아니면 멤버랑 어울리게 해주세요ㅜㅜㅜ o.o는 중독성 쩔고 탱크도 진짜 괜찮았는데 또 비슷한 곡 넘 아쉽,0
41,NMIXX,"Young, Dumb, Stupid",,2023-09-23T02:04:45Z,0,[] “우린 인연이 아닌 것 같아요“ 엇갈린 사랑과 전쟁 과연 그녀들의 선택은…? #짝꿍 #NMIXXIN무한도전 EP.6 | PICK NMIXX youtu.be/JYlxNCuYcRM,1
42,NMIXX,Roller Coaster,,2023-07-09T17:40:31Z,2,부담없이 듣기 편한 곡으로 선공개 잘뽑았네... 타이틀은 뭐길래.,2
43,NMIXX,DICE,,2022-09-19T09:16:18Z,146,난 후반이 너무 좋다!이번컴백도 기대된다!!활동 화이팅 nmixx,2
44,NMIXX,별별별 (See that),,2024-08-20T13:23:18Z,1,저는 이번 지난 앨범들에 이어 너무 좋습니다. 노래 잘하는거 알고 있고 이쁜거 알고 있어. 그래서 너네가 더 할 수있는게 뭔데? 라고 했을때 올드스쿨힙합으로 타이틀을... 이거 저는 존나 힙합이라고 생각했습니다. 아직 할 수 있는게 많고 보여줄게 많은 jyp와 4본의 의지 같기도하구요. 돈이 급하고 어려우면 대세를 따르겠죠 뭐.,2
45,NMIXX,Roller Coaster,,2023-07-04T04:52:25Z,1,있지 보면서 울다가 엔믹스 보면서 웃다가 무한 반복 하는 중임...,2
46,NMIXX,DASH,,2024-02-03T12:58:19Z,4,와 대박....대박!!,2
47,NMIXX,Soñar (Breaker),,2024-02-15T12:12:44Z,0,최소한 이건 노래가 신나잖아,2
48,NMIXX,DICE,,2022-09-19T09:43:08Z,0,@-x7m それなめちゃ通報してるけど増える一方…,-
49,NMIXX,DICE,,2022-09-19T10:55:21Z,0,전에 본 적이없는 아름답고 혁신적인 노래 ️나는 너를 사랑해 투쟁 여자들,2
50,NMIXX,별별별 (See that),,2024-08-19T09:50:05Z,321,여름 끝자락에 신나게 즐겨들을 만하네 약간 서태지 컴백홈 느낌도 나구 짱믹스다,2
51,NMIXX,Soñar (Breaker),,2023-12-06T10:34:40Z,3,진짜 엔믹스는 캐치한 건 없는 느낌인데 매번 참고 딱 10번만 들으면 무조건 빠짐ㅋㅋㅋㅋㅋㅋㅋㅋㅋㅋㅋㅋㅋㅋ 노래 좋다,2
52,NMIXX,별별별 (See that),,2024-08-19T12:02:19Z,1,개인적으로 별별별 할때 특 느낌나서 재미있는 노래같음 굿굿,2
53,NMIXX,DASH,,2024-01-18T07:47:43Z,0,NMIXX - &#39;DASH&#39; Karaoke With Easy Lyrics https://youtu.be/RE-vsrEKS18?si=lKEUHiZ7KUtt9Tvd #NMIXX #엔믹스 #DASH,-
54,NMIXX,Love Me Like This,,2023-03-20T09:54:26Z,2,확인되었습니다. nmixx는 그들의 컴백에 결코 실망하지 않았습니다.,2
55,NMIXX,별별별 (See that),,2024-08-19T09:24:55Z,1,사랑해...,2
56,NMIXX,별별별 (See that),,2024-08-25T15:49:01Z,1,@ 개인적으로는 충분하지는 않지만 만족스러운 곡인거 같아요.,2
57,NMIXX,Party O’Clock,,2023-08-27T09:10:15Z,4,1집때보단 점점 나아지긴 했는데 정말 선곡 문제군. 왜 매번 기본적으로 비트와 멜로디가 평범한걸 선곡하는지 정말 이해가 안되네 보조 사운드로 아무리 포장하고 떡칠해도 기본베이스 비트와 멜로디가 별로면 모두 소용없는 짓인걸 모르나? 자체작곡가 역량이 딸리면 대형사에 데모곡들 엄청나게 들어 올텐데 외부곡에서 그중에서 골라도되고 그런데 데뷔전 영상보면서 정말 기대가 크고 애들 댄스 보컬 비쥬얼 삼박자가 수준이 정말 높아서 응원했는데 현재 4세대. 아이돌중에 가장 밑바닥 신세로 재능 낭비중 지금까지 이정도면 누가 선곡담당자인지 정말 재능이 없는 사람이다 다른 대형사들 아이돌 곡들고 나오는거 보라고 정말 신선하고 비트좋고 멜로디 좋고 그러니 대박나지 멤버들 재능이 아무리 좋으면 뭐하나 선곡재능이 꽝수준 막귀인데 농담삼아 유재석 탑백귀는 아니어도 탑200귀만 되어도 지금보다는 나을텐데 정말 문제군 중소돌이었으면 진작에 퇴출되었을텐데 jyp 빨로 버티는데 언제까지 갈지 안타깝다,0
58,NMIXX,DASH,,2024-01-28T13:55:16Z,3,세련돼졌네 랩도 찰지고,2
59,NMIXX,"Young, Dumb, Stupid",,2023-03-12T20:14:06Z,0,엔믹스 Young Dumb Stupid 신곡 대박 꽃길만 걷고 음악방송 1위 가자!!!,2
60,NMIXX,DASH,,2024-01-15T17:27:40Z,2,와 쒯,2
61,NMIXX,별별별 (See that),,2024-08-19T21:51:39Z,187,라이브 너무 기대되고.. 엔믹스만의 색깔대로 가는게 너무 좋음. 앞으로도 이렇게 남들 말대로 대중성만 무작정 쫓아가는 것이 아닌 엔믹스의 정체성대로 쭉 가줬음 좋겠음,2
62,NMIXX,DICE,,2022-10-03T16:10:18Z,2,처음에 듣었을때 이런 느낌의 노래는 처음이라 생소했는데 계속 듣다보니깐 중독성이..ㄷㄷ 진짜 비트 듣으면 듣을수록 너무 좋아요 진짜 비트 체인지 할때도 너무 좋아요 진짜ㅏ 빅웨이브 이부분!! 계속 생각나구 릴리님 파트 진짜 중독성이 계속 따라부르게 됩니다ㅠ 이번 노래 처음엔 다들 별로다 하셨는데 지금은 진짜 중독성도 쩔고 노래 넘 좋아요!! 다들 실력이 너무 좋으시고 너무 이쁘셔서 노래 진짜 떴으면 좋겠어요ㅠㅠ 진짜 코디도 이쁘고 이번곡은 다 잘 어울리시지만 규진님이랑 릴리님 혜원님도 잘 어울리시는것 같아요! 담 컴백에서는 파트 분배를 좀더 잘해주셨스면 합니다! 다음 활동도 응원할게요 엔믹스!,2
63,NMIXX,DICE,,2022-09-19T15:08:48Z,1,이미지를 대중한테 각인 시키는게 중소이던 대형이던 중요한데…그나마 O.O는 한5번 들으니 귀에는 익어서 엄청 이상하지는 않았는데 이번 노래는 몇번을 들어도 귀에 안익음… 걸그룹명가 jyp도 옛말이 된건지… 있지 이후에 좀 빨리 데뷔한 감은 있긴 했다만 실력은 다 좋은데 어딘가 조합이나 컨셉 이런게 준비가 안된것 같아서 좀 아쉽네요… O.O 잘 들었던 사람으로서 이번에 역대급 노래로 좋은평가 얻고 4세대에서 자리 잡기를 바랬었는데…,0
64,NMIXX,DICE,,2022-09-19T15:26:30Z,58,오오 첨들었을때 구간 넘길때마다 진짜 다른곡인줄 알정도로 난해하긴했었음...신선한 느낌도 물론 있었다만 너무 대중성이 없어서 실력에 비해 안뜬 느낌...브이라이브로 많이 인지도도 알려서 다행인거지 그래도 이번 곡은 기대했는데...최소한 싸비부분은 통일시켜주시지ㅠ 장르 체인지되는 부분이 필요이상으로 많네요. 뮤비 댓글에 이렇게 벌써 피드백이 달릴정도면 회사측도 다시생각해봤으면 싶음. 또 아쉬운곤 실력은 정말 탑급이지만 창법 면에서도 콧소리와 기교 꺾기가 좀 과하게 느겨질 때가 있음. 특히 지우.. 창법을 살짝만 부드럽게 바꿔도 덜 부담될 것 같은데...설윤과 릴리가 듣기 편한 이유가 분명히 있음...,2
65,NMIXX,DASH,,2024-01-15T21:29:24Z,59,너무 멋지네요 NMIXX 정말 노력했어요 응원합시다,2
66,NMIXX,Roller Coaster,,2023-07-04T05:45:14Z,3,릴리 앞으로 계속 굵은 웨이브 넣어주길.. 개이뻐,2
67,NMIXX,Party O’Clock,,2024-06-09T11:54:24Z,5,이런 노래가 왜 안떴는지 의문만 들뿐…,2
68,NMIXX,DICE,,2022-09-28T02:43:17Z,4,엔믹스 너무 예쁘다.이버 신곡 대박나자 아무리 악플 받아도 힘들어 하지마 엔믹스를 좋아해주는 사람이 더 많으니까 힘내 옥정중,2
69,NMIXX,O.O,,2022-08-31T02:29:18Z,0,사랑해요🫀️,2
70,NMIXX,"Young, Dumb, Stupid",,2023-04-13T22:21:06Z,3,예술 작품 이 노래,2
71,NMIXX,DICE,,2022-09-19T09:15:58Z,0,아직 듣기전인데 제발 노래 좋아라 좋아라 엔믹스 진짜 떡상해야함,2
72,NMIXX,Roller Coaster,,2023-07-03T09:01:55Z,1,어머…어머… my baby들 장하다,2
73,NMIXX,O.O,,2024-03-14T07:47:13Z,0,2년지나고 다시왔다,2
74,NMIXX,별별별 (See that),,2024-08-19T09:03:21Z,0,웅장하다 ..,2
75,NMIXX,DASH,,2024-01-17T07:28:14Z,8,엔믹스 그룹의 정체성임. 믹스팝 장르를 자신들 그룹명처럼 정체성으로 만든거라 그럼. 그래도 이번에 나온거는 믹스팝을 자연스럽게 적절히 섞은 느낌이라 나는 괜찮게 들음.,2
76,NMIXX,DASH,,2024-01-15T15:22:25Z,4,이번 컴백은 배이 해원 둘이 특히 레전드인 듯,2
77,NMIXX,Party O’Clock,,2023-07-11T11:07:37Z,1,튀는것 같은건 나만 그런거?,0
78,NMIXX,DICE,,2022-09-19T10:59:49Z,1,제왑 이게... 최선이야?......,0
79,NMIXX,O.O,,2022-02-28T07:34:39Z,0,이거 몰카 아니지...?,0
80,NMIXX,DASH,,2024-01-15T09:00:29Z,0,왔다,2
81,NMIXX,Soñar (Breaker),,2023-12-04T11:04:30Z,0,아아아아아아 미쳤자나,2
82,NMIXX,DASH,,2024-01-16T08:49:40Z,7,친애하는 Lily 나는 모든 것을 알고 있습니다. 당신에게는 팬이 있습니다. 그것은 나와 다른 사람들입니다 !! Изменить: аоаоао 5 лайков это мой рекорд (우오오오 좋아요 5개는 내 기록) (아오아 좋아요 5개는 내 기록) изменено:уже 6 лайков?! Чо так быстро ребята вы лучшие (6 likes already?! (Why so fast you guys are the best)(벌써 좋아요 6개?! 왜 이렇게 빨리요 너희들이 최고야),2
83,NMIXX,별별별 (See that),,2024-08-19T14:01:38Z,1,근데 스케일이 너무 커서 잠깐 멀리하고 기대하고만 있었는데 너무 좋아서 스토리영상 안봤던거 후회됨 진짜 타이틀 개좋음,2
84,NMIXX,DICE,,2022-09-19T10:35:58Z,0,샤샤,2
85,NMIXX,DICE,,2024-01-27T06:53:52Z,0,백만 달러짜리 이야기 이 노래는 우리 수업에 포함되었고 나는 그 중 하나를 알고 춤을 추었습니다. 나는 사회 혐오자이며 춤을 추고 나서 공황 발작을 일으켰습니다. 결론:나는 히스테리에있어 25 사람들은 구석에 나를 진정,-
86,NMIXX,DICE,,2022-09-27T13:45:24Z,0,한국어 자막 왜 없어요? 섭섭한데요?,0
87,NMIXX,O.O,,2022-02-22T12:21:15Z,1,몬노래가 이리 정신없나... 너무기대해서 실망도 크다......,0
88,NMIXX,Party O’Clock,,2023-07-19T06:27:23Z,5,음판은 100만인데 음원은 탑100 들은데가 없누 남돌이가? 음판높고 음원은 저쪼아래인거 따라하누,0
89,NMIXX,Soñar (Breaker),,2023-12-04T09:00:18Z,1,드가자~,2
90,NMIXX,DICE,,2022-09-19T09:04:25Z,0,와 노래 좋다 이번에!!!,2
91,NMIXX,DICE,,2024-09-09T07:31:47Z,1,음악이 안맞아도 기분은 너무 좋아요,1
92,NMIXX,O.O,,2022-02-22T11:29:58Z,0,당신은 아주 좋은 일을했습니다!,2
93,NMIXX,Roller Coaster,,2024-02-26T03:42:40Z,3,와 .. 진짜 이 컨셉으로 계속 가야겠다 엔믹스는..,2
94,NMIXX,"Young, Dumb, Stupid",,2024-06-05T02:34:48Z,0,아유 슬리핑 아유 슬링핑,0
95,NMIXX,蜚蜚 (FEIFEI),,2024-07-31T09:08:49Z,0,이거 커버에요? 아님 중국 싱글? 이거 그 … 무슨노래지 린노래아닌가 소화 잘하네요,0
96,NMIXX,별별별 (See that),,2024-08-26T18:05:13Z,3,동감한다,1
97,NMIXX,Soñar (Breaker),,2023-12-04T10:03:53Z,0,jyp는 정말 더 이상 창의력을 발휘하는 방법을 모릅니다.,0
98,NMIXX,별별별 (See that),,2024-08-20T02:47:37Z,0,어설픈 귀를 달고사나봐,0
99,NMIXX,DICE,,2022-09-19T09:08:55Z,0,워메… 좋은데?,2
100,NewJeans,How Sweet,,2024-05-26T17:01:45Z,0,님 커여운토끼쟝 채널 쇼츠 표절해명 거기 댓글 봐보세요 토요일날에 알았는데 나중에 거기 댓글단거임,1
101,NewJeans,OMG,,2024-05-31T21:52:03Z,5,단월드 ㅋㅋ,0
102,NewJeans,ETA,,2023-08-02T03:34:46Z,272,뉴진스는 다른 걸그룹들이랑 다르게 걸크러쉬적인 느낌보단 청초한 느낌이 들면서 청초함과 강렬함이 함께 느껴지는 그룹입니다. 독보적인 색깔과 MZ들의 취향의 또 다르게 깨부슨거 같아 너무 좋은 그룹같아요.,2
103,NewJeans,OMG,,2024-05-05T11:51:30Z,37,단월드가 청소년들한테 개인의 주체성 사라지고 단신에게 충성심을 증명하게하려고 일부러 제대로할때까지 계속 괴성지르게하는 의식절차가 있다는데 내가 누군지 헷갈렸다는 저 멘트 진짜 의미심장함,0
104,NewJeans,Cool With You' & 'Get Up' (side B),,2023-08-11T17:34:29Z,0,정호연=에로스(큐피드) 마이콜베라(남자배우)=푸시케 양조위=아프로디테(에로스 어머니) 그리스로마신화중 푸시케 관련 이야기 보세요.,1
105,NewJeans,How Sweet,,2024-06-06T11:00:56Z,13,좋아요가 69만밖에 없는게 이게 말이되나???,0
106,NewJeans,OMG,,2024-05-01T12:04:08Z,1,언제까지 부정할려구 ㅋㅌㅋㅋㅋ,0
107,NewJeans,OMG,,2024-04-28T15:35:33Z,7,계속 삭제 당하고 있는중.. 가사 -단 너 뿐이야 곰 - 단군 신화를 차용한 단월드 신앙의 상징 다니엘 - 성경에서 하나님의 심판자 천사를 의미  - 상담해 주는 의사    - 곰이 의사로 치환되는 연출. 또 치환된 후에 의사는 인형처럼 아무런 표정이 없음  의사는 사내 상담자이면서 단월드 측 감시자를 대변하는 인물임(병동 장면 곳곳에서 곰인형이 포착됨 = 사내에 감시자가 있다)  - 동화의 마지막 목차 the Revenant (곰한테 사지 찢긴 주인공이 투항해서 살아남는 내용의 책)  -신도가 의도적으로 화면에 걸린 연출과 함께 거기 타고 있는 혜인(오른쪽 위에 보시면 작게 “신도”라는 글씨가 있음)  - 심판자 다니엘과 다니엘을 뒤로하고 도망치듯 나가는 &#39;혜인&#39;  - 성냥팔이 소녀의 모습을 한 혜인이 촛불을 켜자 사과가 보임 (*성냥팔이 소녀: 촛불을 켜면 자신의 이상이 반영된 환상이 보이는 동화 *사과: 유혹 독 선악과 상징)  - 결국 사과를 베어물고 쓰러진 혜인  - 구하러 가는 다니엘(하나님의 심판자 천사)  - 죽은 다니엘과 쓰러진 혜인 그리고 곰(단월드 상 징) 정신병원과 관계자 - 단월드와 신도 의사 - 단월드의 눈(감시자) 정신병원에서 뉴진스는 단 너 뿐이야 단신 찬양 노래를 부르는 환자로 묘사됨  - &#39;다니엘&#39;의 발언 얘들아 이거 뮤직비디오 촬영 이야  우리는 연기를 하고 있다 이 노래는 우리(뉴진스 민희진)의 의지가 아니다  - 침묵하는 관계자(단월드 사상을 주입하고 외압 을 넣어 이런 노래를 만들도록 지시한 하0브) 마지막으로 다니엘의 말과 민지의 이제 그만과 함께 끝 난 곡  - 정신병자(단월드 신도로 묘사된 뉴진스)가 그린 곰(단월드)과 곰이 세상을 어지럽히는 환상을 보는 침착맨  단월드가 세상에 만연해 있다 세상을 어지럽히고 있다 뮤비에서 민지가 두명으로 나오는데 기자회견에서 민희진이 민지를 아낀다고 언급함 그래서 민지에게 자신의 모습을 투영한것으로봄 의사가운입은 민지(민희진)를 보면 애들을 체포?해서 정신병원으로 데려감 민희진이 애들을 캐스팅해서 하이브로 데려가는것 어떤분이 쓴댓글이지만 계속 삭제를 당하고 있어서 복붙이라도 해봅니다.,0
108,NewJeans,How Sweet,,2024-05-27T11:56:41Z,9,외국 댓글이 하나두 안보 이다니 헐 ㄷㄷ,0
109,NewJeans,OMG,,2024-04-28T16:05:29Z,1,넘 무섭다,0
110,NewJeans,New Jeans,,2023-07-08T13:41:22Z,0,감 뒤진건 너고 ㅋㅋㅋㅋㅋㅋ,0
111,NewJeans,How Sweet,,2024-06-11T14:30:59Z,2,운전미숙,0
112,NewJeans,Supernatural (Part.2),,2024-07-05T03:24:07Z,4,나도 모르게 일본어로 따라 흥얼거리다 한국말 나와서 놀램 🫶한국활동 기대된다구,2
113,NewJeans,Ditto (side B),,2024-04-29T17:01:25Z,0,사이드 a - ㅁㅎㅈ남아서 혼자가되고 멤버들 탈출 사이드 b - ㅁㅎㅈ은 탈출하고 멤버들은 곰 끌어안으며 포교당했다는 연출,0
114,NewJeans,Bubble Gum,,2024-05-02T03:13:02Z,8,민희진 ㅈㅅ당할까봐ㅠ걱정. 24시간 캠달고다녀야 하는거아니냐고,0
115,NewJeans,OMG,,2024-04-29T13:49:12Z,10,팩트 8가지 (이 내용 배댓이었는데 삭제된 거 같아요 좋아요랑 댓글 많이 달아 주세요 그리고 글도 복붙해서 계속 올려주세요) -하이브 채널 뮤비 영상 에서 삭제된 댓만 모았습니다 1. 방시혁은 민희진에게 단월드 찬양 곡을 내라함. 민희진은 방시혁 뜻대로 찬양 가사 쓰고 뮤비에선 단월드 찬양자=정신병자라고 뒷통 수 침. -omg 뮤비중 정신병원에 곰 계속 등장 (단군신화) OMG 뮤비 영상 타임라인  나는 &#39;당신&#39;을 위해 존재합 니다. = 일부러 외국인 하니를 시켜 &#39;단신&#39;처럼 들리도록 발음.  &#39;그러니까 네가 시리야?&#39;=&#39;그러니까 네가 신(갓)이야?&#39;  민지가 2명이다. &#39;신은 온리 원 이라는 뜻&#39;를 비웃음.  동화책 목차 속의 the Revenant: 곰에 맞서 싸우는 이야기  혜인이 타고 있는 지하철은 신도림행 일부러 &#39;신도&#39;만 잘려서 나오도록 화면에 뜸(+신도림역은 단월드 본사 위치)  혜인은 다니엘을 거부하고 달아남  혜인은 사과를 먹고 누움  다니엘(=이름 자체가 &#39;하나님의 심판자&#39;라는 뜻)이 혜인을 구하러 감.  다니엘과 혜인 모두 곰에게 당함.  &#39;단&#39; 너 뿐이야 라는 가사와 함께 곰을 주목.  자세히 보면 중간에 사람들은 안 앉아 있고 테이블 가운데 에 곰이 놓임.  다니엘의 얘들아 우리 이거 뮤비 촬영이야! 현실을 일깨워줌. 관계자들은 질문에 침묵함.  사과를 곰에게 바치는 모습을 그림 2.여자친구 - MAGO (단월드 신이름: 마고)= 마녀화형 축제 =여자친구를 제물로 바쳤다는것 = 여친 멤버가 소원제외 전부 기독교라 해체 시킨 거 같다는 추측 3.단월드 손동작 = 마그네틱(아일릿) 손동작 아일릿?: 뉴진스 소속 사 ADOR(신하) 대표 민희진이 사이비에 저항!!뉴진스 대성!!  근데 사이비 안 믿는 애들이니 뉴진스 컨셉 비슷하게 해서 내야겠다 = 아일릿. 4.투바투 새해 인사 때 입은 한복=단월드 사인 마크 5.방탄소년단: 데뷔 쇼케이스 단월드 재단 일지아트홀에서 진행 멤버중에 진 빼고 다 단월드 사이비 대학 졸업 전원 단월드 화장품 사용 6.투바투 어느 날 머리에서 뿔이 자랐다 (데뷔곡 제목)= 단월드 편지 내용과 흡사. 가사도 마찬가지 7. 방시혁이 다니엘이라는 이름 거부한 이유가 뜻이 기독교 심판이라는 의미여서 8.ETA 가사 내 생일파티에 너만 못 온 그날 - 뉴진스 데뷔 축하 파티 안 온 방시혁 혜진이가 엄청 혼났던 그날- omg 뮤비로 하이브에서 개 깨진 민희진 지원이가 여친이랑 헤어진 그날 - 여자친구(그룹) 해체시킨 박지원 (단월드 하이브 부사장) 걔는 언제나 네가 없이 그날 - 항상 뉴진스는 안중에도 없는 하이브(이번 신곡 버블 껌도 홍보 안 함) 너무 멋있는 옷을 입고 그날 - 르세라핌이라는 새 옷에 정신 못 차리는 방시혁 민희진은 절대 자살하지 않습니다 기자회견에서 내가 죽긴 왜 죽어 언급 =거대세력으로부터 불시에 자살당할까 봐.. 지금 사회적 매장이 문제가 아님. 민희진과 뉴진스는 단월드 신자가 아닙니다. 이걸 알리려고 민희진은 뉴진스 계속 같은 마음이라 언급. 사이비로부터 때묻지 않은 아 이들 지키고픈 마음을 생각하면 부모들이 민희진 편인 이유. 단월드가 뭐길래? 민희진은 기자회견에서 매일 비정상적인 걸 강요 받았댔다. 기독교 신자에게 단월드 신자가 되라는 걸 강요받은 것. 단월드는 정계와 관련 있음. 윤석열은 단월드 출신 도사 천공 밀어줌. 용산으로 청와대 대신 이사 온 이유도 저 무당이 용산 가야 역대 대통령과 달리 감옥 안 간 대서 이전한 거임. 윤석열은 무속을 굉장히 신봉하는 사람임. 단월드 행사 참여 정계 인원: 원희룡 권영진 조태경 박범계 이낙연 정세균 황희 등등 미디어를 통해 거대세력 이 추구하는 종교를 사람들에게 세뇌 중. 케이팝을 통해 반복적인 가사와 중독적인 멜로디로 자신들의 종교적 신념이나 종교 용어 친숙하게 만들기. 사람들이 따라 추기 좋거나 따라 하고 싶게 만드는 춤을 만들어 사람들이 챌린지를 추며 자신들의 종교적 행동 은연중에 퍼트리기 666이나 마그네틱 손동작 등 케이팝이 아니어도 사이비들이 만든 영화 같은 미디어도 보면 굳이 PC 묻히거나 자신들이 믿는 것과 반대인 신을 조롱하는 내용을 보이기도 하고 도파민 위주의 내용으로 사람들의 자극역 치를 높이고 있음. 웬만한 건 봐도 봐도 심심하게 느껴지도록. 미디어에 세뇌되지 않도록 주의하고 항상 객관적인 시각으로 세상을 따져봐야 합니다. 하지만 인간은 거짓으로 알고 있는 정보도 자주 노출되면 될수록 &#39;어 진짠가?&#39;하고 점점 진실이라 고 믿게 되는 존재... 댓글까지 여론몰이하면 그대로 믿게 되겠죠. 이건 동떨어진 얘길 수도 있는데 사실 음모론이라고 치부하고 넘어가기엔 파면 팔수록 퍼즐이 점점 들어맞습니다. 세상엔 단월드 말고 도 이단 신봉자가 너무 많아서 내가 배웠고 알고 있던 진리조차도 큰 세력들의 왜곡일지도. 똑똑하고 돈 많고 권력까지 있는 큰 세력이니 못할 거라는 생각도 안 듦. 단월드&#39; 명칭 변경 날짜: 2002년 4월 22일 22년후 민희진 어도어 언플 여자친구 공식 해체일 5월 22일 르세라핌 공식 데뷔일 22년 5월 22일 뉴진스 데뷔일 22년 7월 22일 안티프레질 발매일 음력 9월 22일 투어스 데뷔 1월 22일 마냥 끼워넣기 라고 볼수는 없음 그리고 왜 방탄이 뜬금없이 코웨이 정수기 광고를 찍었는지 앎? 모 르는 사람들은 에이 방탄 잘나가니까 찍었겠지~ 라고 생각할 수도 있지만 사실 코웨이 직원중에 단월드 있어서 인맥 연결되어 있어서 코웨이 광고 찍은거임 1.(뉴진스+민희진) vs 하이브 민희진이 하이브가 사이비를 믿는 줄 도 모르고 뉴진스를 하이브에 델꼬왔음. 그래서 민희진 혼자 뉴진스 를 책임지고 같이 탈출하려고 오엠지 뮤비도 만들고 어도어도 만들 고 며칠전에 인터뷰도 한거임 2.여자친구 해체와 르세라핌 데뷔 (22 집중) 여자친구가 원래 소속사에서 하이브로 옮긴 후 컨셉도 청순에서 마녀로 바뀜. 단월드 내용 중에 4월 30일~5월 1일이 마녀 화형식날인데 그 다음 해 22년 5월 2일에 천사 컨셉으로 르세라핌이 데뷔함. 이 날짜를 맞춘뒤 여자 친구를 5월 22일 해체 (화형)시킨 것 으로추측됨 그리고 르&#39;세라 핌&#39;이 천사라는 뜻이고 원래 6명이었던 여자친구 따라 6명을 유지하려고 학폭 김가람을 계속 옹호했던거임 여친 마고 뮤비와 뉴진스 omg 뮤비 해석을 못하고있다가 갑자기 딱딱 들어맞음 민희진이 인터뷰에서 통곡하고 책임감이라는 단어를 강조하는 모습 유튜브 댓글이 실시간으로 삭제됨 하이브 단월드 관 련 기사가 일절 없음(단월드 출신이 방통심의위원장: 언론통제 가능),0
116,NewJeans,Attention,,2022-08-03T05:21:58Z,0,일본10대가 저렇구나 처음 알았네,1
117,NewJeans,Bubble Gum,,2024-04-27T06:03:53Z,1,좋긴 좋다,2
118,NewJeans,Cool With You' & 'Get Up' (side B),,2024-04-30T06:03:22Z,23,영화 한 편 보는 것 같았습니다. 호연 배우님의 절절한 연기가 너무 좋았고 양조위님은 포스가 남다르네요. 뮤비 해석까지 보고 나니까 같은 걸 봐도 느낌이 달라서 신기했습니다.,2
119,NewJeans,OMG,,2024-04-29T04:46:54Z,16,4월 30일 발푸르기스의 밤이자 민희진 주주총회 날입니다 내일 뭔일 나면 하이브 사이비 인정하는거임 ㅇㅇ,0
120,NewJeans,Attention,,2022-07-22T22:22:32Z,0,에셈 가수들이 새롭게 나오니까 기대된다,1
121,NewJeans,OMG,,2024-05-25T15:56:11Z,10,하이브단월드사이비 떼려야 뗄 수 없는 한 몸 사이비종교,0
122,NewJeans,Right Now,,2024-06-16T15:05:42Z,0,아ㅏㅏㅏㅏㅏㅏㅏㅏ사랑해최고야ㅏㅏㅏㅏㅏㅏㅏ,2
123,NewJeans,ETA,,2023-07-22T11:21:01Z,0,뮤비가 많은건 좋은데 대체 노래랑은 뭔상관인지 모르겠네,0
124,NewJeans,Hype Boy' Official MV (DANIELLE&HAERIN ver.),,2022-07-28T18:59:31Z,1,여자들이 널 좋아하는게 뭐가 문제야? K-pop 산업은 매우 유독하고 모방적입니다. 확실히 이 개념을 가진 더 많은 그룹이 있을 것입니다. 현재 블랙핑크가 가장 큰데 뉴진이 불과 며칠 만에 업계에서 성공할 수 있을까? 의심스럽긴 하지만 그래도 그들의 무궁한 발전을 기원합니다.,0
125,NewJeans,OMG,,2024-04-28T19:07:17Z,9,이번주부터는 퍼포먼스 먼저 말고 뮤비 버전 틀어야겄다,2
126,NewJeans,ASAP,,2023-07-25T15:43:29Z,0,해린이 현실 토미에.. 존예..,2
127,NewJeans,Supernatural (Part.1),,2024-06-30T05:13:57Z,23,오늘도 걸플갤 무료 댓글알바들 풍년이구만  뉴진스 버니즈 화이팅,1
128,NewJeans,Super Shy,,2023-07-08T01:04:20Z,1,노래 좋은데 가사에 한글이 적은게 아쉽네요,1
129,NewJeans,How Sweet,,2024-05-27T03:24:15Z,7,연령제한 될 이유가 없는데 왜 걸렸나요,0
130,NewJeans,Bubble Gum,,2024-04-26T22:49:36Z,2,저도 똑같이 느낌.... 바닷마을 다이어리..... 감성....,2
131,NewJeans,OMG,,2024-04-30T06:25:27Z,10,유명한 댓글 지우면 티 나니깐 좋아요 없는 댓 부터 지우고 있는것 같아요 모든 댓글에 하트와 대댓을 해주세요,1
132,NewJeans,Bubble Gum,,2024-04-26T15:36:10Z,0,솔직히 능력은 개쩌는거 같다,2
133,NewJeans,OMG,,2024-05-06T12:44:21Z,4,여러분 단월드 목적이 일본신 모시는 거라서 지금 윤석 열이 독도 팔아먹기 직전이에요 하이브에만 소속된 사태가 아니에요 정치적으로 심각합니다 제발 널리 퍼 뜨려주세요 님들 제발 알아주세요 일본이 우리 나라 독도에 여권없이 방문하는거 기사 터지자마자 단월드 머시기 터진거에요,0
134,NewJeans,OMG,,2024-04-28T17:51:13Z,9,외국에 제보 ㄱㄱ제발 제발 제발 제발,0
135,NewJeans,Attention,,2022-07-22T05:40:49Z,4,ㅋㅋ와.. 뮤비 보고 놀란 거 진짜 오랜만이네.. 4세대 얘네가 다 먹겠구나,2
136,NewJeans,How Sweet,,2024-05-29T15:26:08Z,2,뉴진스가 뉴진스함 시간은 뮤비 기준  처음에 해린이 영상 통화하는 장면 속 캐릭터 돼지(=방)와 곰(=단)  창살 안에서(처럼 보이게) 춤을 추는 뉴진스  아무도 몰라 보는 뉴진스 (또는 투명인간. 대중에겐 보이지 않음)  해린의 손가락 주목!! 눈이 그려져 있음 그 손가락으로 다니엘의 핸드폰 키링을 침 치기 전까지 해린 뒤로 만화캐릭터 돼지+곰이 보이지만 이 키링을 치자 사라지고 그제서야 오른쪽 화면 상단 창문에 고양이와 사람이 뉴진스를 쳐다보기 시작하고 오토바이 탄 사람도 육교 위 뉴진스 5명을 쳐다봄 =이 전까지는 동물들에게만 뉴진스가 보였던거임 그래서 화면을 의도적으로 분할한 것이고 뉴진스 계정에 올라온 뮤비 리액션 영상에서 민지가 이 장면을 보고 버니즈가 이해하기 힘들겠다 한 것도 이 이유인 것 같음 ◦다니엘의 키링=토끼=민희진=버니즈=대중 0 그림캐릭터 돼지 곰 박쥐 등=방시혁 단월드 박지원 하이브임원진 상징=뉴진스와 민희진을 고립시키려는 존재  이젠 씨씨티비에도 뉴진스가 보이고  비로소 대중 앞에서 춤을 추는 뉴진스  화려한 조명 아래에서 팬들 함성에 노래하고 춤추던 무대가 그립거나 숙소 조명 하나까지 멤버들 취향으로 맞춰주던 민희진이 그립거나  이제는 돌아갈 시간(하이브=단=사이비=정신병원) 혜인만 환자복 연상케하는 코디 omg뮤비와 이어지는듯  차 안에서 키링을 만지고 밝게 웃으며 장난치는 멤버들 표정  만화 캐릭터(=하이브 임원들 상징 뉴진스를 대중으로부터 고립시킴) 등장하며 하니와 다니엘 표정이 어두워지고 혜인이 희미하게 웃으며 토끼 키링을 바라보는데 토끼 키링 가슴에 이니셜이 HJ(=민희진)  단월드입성.. 비정상적 세상 의미  오리 9마리. ..현재 활동 못 하고 있는 하이브 소속 걸그룹 프로미스나인 상징 그리고 뉴진스 등장.. 아마도 이 뮤직비디오는 하이브가 어도어 민희진을 해임하고 뉴진스를 장기 휴가 보내준다던 박지원의 얘기가 실제로 이루어진 뒤 뉴진스가 최소 몇년의 활동이 중단된 상태를 가정하고 시작한 것 같음 장기 휴가 중 대중에게서 멀어진 뉴진스는 대만(뮤비촬영지=대만. 중국으로부터 독립 상징)으로 여행을 갔고 우연히 난 교통사고에서 뜻밖의 느낀 해방감과 가수 시절을 추억하고 다시 현실(하이브)로 돌아 와야만 하는 이야기를 담음 how sweet의 노래 가사는 난 이제 다 깨닳았다 말 안해도 된다 나가겠다이지만 뮤비는 끝내 민희진과 함께하지 못 하고 꿈도 좌절된 뉴진스를 표현 하는 것만 같아서 뮤비인데도 마음이 아프다...ㅜㅜ 그저 아무 의미없이 귀엽게 만들어진 뮤직비디오일 뿐 저의 뇌피셜이길 바랍니다 이런 영상 만들 줄 모르고 할 줄 아는거라곤 댓글 달기 뿐이라 여기 저기 댓글만 달고 있네요.. 그저 이번 활동이 마지막이 아니길 바랍니다. 앞으로도 계속 민희진이 디렉팅 하는 뉴진스의 음악 듣고 싶다는 팬 분의 댓글을 퍼온 내용 기반의 영상 추가 내용입니다(댓글로 알려주신 분 감사합니다) 자동 자막 한국어로 켜고 들어보세요  여기 자동자막 한국어.. 이제 나 &#39;m 없이는 이라고 표기되어 있고 m은 반희수 채널의 omg뮤비에서도 비슷하게 나왔어요 그리고 후반부에서 일부가 자동자막 한국어에서 다 어서 나와가 아닌 나가라고 하네요 자동 자막 정리  더 물어봐(원 가사: 나 더는 묻지 않을래)  이제 나 &#39;m 없이는 (Now that I&#39;m without you)  -  내 스토리 속의 작은 악마야 내 문을 두드리지 마 지금 당장 나가라 Toxic lover 넌 더 나을 게 없어 숨지 말고 그냥 나가라 (Toxic lover You&#39;re no better 거기 숨지 말고 빨리 나와 You little demon in my storyline Don&#39;t knock on my door 얼른 나가버려)  - Toxic lover 더 나을 게 없어 숨지 말고 그냥 나가 (Toxic lover You&#39;re no better 거기 숨지 말고 얼른 나와) 원 가사 You little demon in my storyline 엔 자막 없음  내 집 문을 두드리지 마세요. 내가 배웅할 거에요 (Don&#39;t knock on my door I&#39;ll see you out),2
137,NewJeans,OMG,,2024-04-29T03:44:03Z,12,짜집기 끼워맞추기라고 말 하는 사람들에게 전하세요 진실은 낯설다,0
138,NewJeans,Supernatural (Part.1),,2024-07-09T00:29:48Z,13,뉴진스 ~ 사랑한디~ 온세상이 뉴진스,2
139,NewJeans,Right Now,,2024-06-19T00:38:44Z,12,정말 사랑스런 mv야.. 뉴며들었네..,2
140,NewJeans,Bubble Gum,,2024-04-29T08:48:46Z,7,뉴진스 절대 지켜,2
141,NewJeans,How Sweet,,2024-05-27T22:01:40Z,3,아일릿 솔까 럭키걸 신드롬에서도 이 감성 따라한듯,2
142,NewJeans,Bubble Gum,,2024-05-06T09:22:02Z,3,어느 순간부터 대한민국 언어를 영어처럼 발음해서 노래를 부른다 요세 아이돌들은 알아듣기도 힘드네,0
143,NewJeans,Cookie,,2022-08-01T13:08:13Z,0,이 노래는 솔직히 좀 난해함... hype boy 가 젤 좋네,0
144,NewJeans,OMG,,2024-04-28T14:52:53Z,2,댓삭 힘든 직원이면 개추,0
145,NewJeans,OMG,,2024-04-28T08:13:59Z,6,여러분 ㄷㅇㄷ가 정치쪽에도 관련이 있어서 해외 언론사에 제보해야될 것 같아요 그냥 묻히지 않게 널리 퍼뜨려주세요,0
146,NewJeans,Supernatural (Part.1),,2024-06-30T11:32:24Z,33,오늘도 들으러왔다 얘들아~^^,2
147,NewJeans,How Sweet,,2024-05-24T17:18:50Z,4,이게 뭔...진짜...가히 압도적이다.,2
148,NewJeans,Supernatural (Part.1),,2024-06-21T06:37:29Z,3,진짜... 진짜 최고예요 너무 좋아요!! 앞으로도 힘내요 화이팅!!!🫰️,2
149,NewJeans,Supernatural (Part.1),,2024-06-22T05:45:51Z,26,다른나라 데뷔곡인데 국내에서도 핫하다니 역시 뉴진스,2
150,NewJeans,How Sweet,,2024-05-29T03:13:30Z,10,거기 숨지말고 얼른 나와,2
151,NewJeans,Hurt,,2024-06-01T18:31:07Z,10,진짜 얼빡으로 찍었네ㅋㅋ,1
152,NewJeans,How Sweet,,2024-05-24T08:20:56Z,0,JEANS 멕시코 그룹이랑 비슷해요,0
153,NewJeans,OMG,,2024-05-10T00:46:26Z,6,하이브 단월드,0
154,NewJeans,How Sweet,,2024-05-24T07:08:01Z,1,좋은데? 벌써 중독됨 세번연속 보는중,2
155,NewJeans,Right Now,,2024-06-17T03:09:57Z,145,일본인들이 진짜 좋아하는 치트키 뉴진스+무라카미상+귀여운 캐릭터+하니의 연애 상담 ㅋㅋㅋㅋㅋ,2
156,NewJeans,OMG,,2024-04-29T13:11:44Z,6,응 너네 지워봤자 소용없음~ 하이브 사이비단월드사이비단월드사이비단월드사이비단월드사이비단월드사이비단월드,0
157,NewJeans,Bubble Gum,,2024-04-27T11:01:02Z,2,진짜 아무리 아류가 나와도 민희진감성 아무도 흉내못냄. 그냥 장르임. 민희진 뉴진스 응원합니다,2
158,NewJeans,Bubble Gum,,2024-04-26T17:39:29Z,1,이 노래 정말 좋아해!! ㅠㅠ,2
159,NewJeans,Super Shy,,2023-07-07T04:27:58Z,2,마지막에 인사하고 갑자기 끝나는 거 왜 이렇게 귀여워 ㅋㅋㅋ,2
160,NewJeans,Right Now,,2024-06-17T15:52:13Z,1,@-r7g하이브가 하도 짜치는짓 많이해서 사람들이 다 의심할 만도 ㅠㅠ,0
161,NewJeans,OMG,,2024-04-30T10:54:39Z,1,병,0
162,NewJeans,OMG,,2024-04-28T18:35:38Z,13,하이브 뜻 H : Healing Y : yoga B : brain E : Education,0
163,NewJeans,Right Now,,2024-06-16T22:04:29Z,0,뉴진스 사랑해 제발 노래가 별로면 별로라고 말좀해 이런곡 싫다고 말좀 해 16살 인생에겐 우울한 노래다,0
164,NewJeans,Bubble Gum,,2024-05-17T07:50:50Z,24,뉴진스 사건 잊지말어요 제발 퍼트려주세요,0
165,NewJeans,OMG,,2024-04-28T14:51:42Z,13,난 이제 하이브뒤에 얼마나 큰 뒷배가 있을지가 궁금하면서도 무서움;; 이정돈데도 뉴스가 하나 안나옴..,0
166,NewJeans,How Sweet,,2024-05-24T09:01:56Z,2,다른 사람들도 이 걸작을 들었으면 좋겠습니다. 가라 뉴진스!,2
167,NewJeans,OMG,,2024-04-28T12:15:15Z,7,단월드,0
168,NewJeans,ETA,,2023-07-21T15:13:37Z,1,아이폰 콜라보 ㅎㄷㄷ 뭔가 뉴진스 데리고 하고싶은거 다하네 ador ㅋㅋㅋ,1
169,NewJeans,How Sweet,,2024-05-28T15:06:25Z,16,뮤비에 대한 긍정적 평가들이 베스트 댓글이 아닌게 슬퍼요. 뉴진스 멤버들도 이것을 볼꺼라 생각하니 속상해요...,0
170,NewJeans,Cool With You' & 'Get Up' (side B),,2023-07-19T23:29:48Z,0,옛날에 그 하아이완커플? 귀여워 귀여워 웃을때 귀여워 싸이월드BGM 을 처음 들었을때 그 베이스가 느껴진다.ㅋ 신선해~,2
171,NewJeans,Supernatural (Part.1),,2024-06-24T17:04:41Z,7,뉴진스 버니즈 화이팅,2
172,NewJeans,OMG,,2024-04-28T17:32:29Z,2,방시혁 밟아버릴수 있죠?,2
173,NewJeans,Supernatural (Part.2),,2024-07-05T07:27:27Z,1,아 너무좋아!!!!!!!!!!!!!,2
174,NewJeans,ASAP,,2023-07-25T16:01:28Z,1,한 장면도 놓칠 수 없다.. 너무 예쁘다..,2
175,NewJeans,Bubble Gum,,2024-05-18T15:45:36Z,1,​​@-rm5vz역시 민천지 같은 아군 공격하는 명성 어디 안가노 ㅋㅋㅋ 닌 그냥 뉴진스 팬이 아니라 민희진 팬이네 뉴진스 보호 하려는 마음 1도 없음 ㅇㅇ,0
176,NewJeans,Zero,,2023-04-03T22:41:26Z,0,코카콜라 맛있다 맛있으면 또 먹어 또 먹으면 배탈라 ㅋㅋㅋㅋㅋㅋ 이거 같네 ㅋㅋ 뉴진스 넘 기엽고 이뿌다,2
177,NewJeans,Cookie,,2023-06-20T04:59:15Z,2,우리나라에선 쿠키는 걍 쿠키라고 뇌 썩은 서양놈들아..;; 케이팝 듣는데 자꾸 지들 은어를 갖다붙여 짜증나게 니들 논리면 딸기 아이스크림 쿠키 등등 각종 과일 및 디저트류 다 못부르는거아님? ㅋㅋㅋㅋ 작작해라 제발,0
178,NewJeans,Bubble Gum,,2024-04-28T02:40:18Z,6,뉴진스는 아무잘못이 없다만 경영학 전공하는 사람으로서 봤을 때 민희진 vs 방시혁은 민희진 과실이 훨씬 크다. 민희진의 감성팔이식 기자회견에 넘어가서 방시혁 옹호하는 사람들에게는 “ 냉철한척 한다” 라며 욕하고 민희진을 신격화하는 팬들은 지능에 문제가 있는듯함,0
179,NewJeans,OMG,,2024-04-28T15:12:14Z,0,댓삭방지ㅜㅜㅠㅠㅠㅠㅠ뉴진스민희진대표님지키자 댓삭방지ㅜㅜㅠㅠㅠㅠㅠ뉴진스민희진대표님지키자 댓삭방지ㅜㅜㅠㅠㅠㅠㅠ뉴진스민희진대표님지키자,0
180,NewJeans,OMG,,2024-04-28T13:58:41Z,10,이게 진짜 넷플릭스가 아니라 실화인게 안 믿긴다 그냥 이게 진짜라고??? 실화라고?,0
181,NewJeans,Bubble Gum,,2024-05-13T09:19:48Z,15,방뚱땡이 사퇴해라 1일차,0
182,NewJeans,Supernatural (Part.2),,2024-07-04T15:02:35Z,0,아싸~!!!!!!,2
183,NewJeans,Cookie,,2022-09-06T13:42:24Z,89,분위기가 너무좋다. 후렴구가 너무 좋고 강렬하다. 어디선가 들었던거같은 멜로디인데 신선하다.,2
184,NewJeans,Ditto (side A),,2022-12-22T11:55:18Z,7,애초에 트리플에스가 뉴진스 따라한건 아니고? 코디랑 헤어랑 춤 뮤비등등,0
185,NewJeans,OMG,,2023-01-02T11:05:51Z,2,20살 시작을 뉴진스와 함께해서 행복합니다 :),2
186,NewJeans,OMG,,2024-04-28T20:37:15Z,13,지금 뉴스 제보 해달라는 댓만 계속 삭제 당하는 데 좋아요 빨리 눌러주세요,1
187,NewJeans,OMG,,2024-04-28T12:35:37Z,1,님아 곧 중간고사면 폰 끄고 공부하러 가세요,0
188,NewJeans,How Sweet,,2024-05-28T18:02:01Z,33,뮤비가 왜 천만이 안 되는거임 진짜,2
189,NewJeans,ETA,,2024-02-03T10:54:47Z,1,박진감넘쳐요,2
190,NewJeans,OMG,,2024-05-10T17:07:54Z,3,번더브릿지 친일 논란에 단월드 논란까지 ㅋㅋㅋㅋ 하이브 끝났네,0
191,NewJeans,OMG,,2024-04-28T13:23:00Z,0,단월 드,0
192,NewJeans,Bubble Gum,,2024-04-27T08:53:40Z,5,듀스 여름안에서 감성이 느껴짐,2
193,NewJeans,OMG,,2024-04-28T15:30:49Z,13,와 ㅁㅊ 중간에 곰 인형도 나오네..,1
194,NewJeans,How Sweet,,2024-05-29T03:56:16Z,10,다들 너무 예쁘고 늘 다음 앨범이 기대되는 그룹,2
195,NewJeans,ETA,,2024-05-01T11:28:47Z,3,현재도 그 &#39;온라인 바이럴 마케팅&#39; 하는지 궁금함 만약 한다면 누가 하는지 너무 궁금쓰.. 방송3사 또는 그알이나 탐사보도프로그램에서 파주셨으면,0
196,NewJeans,Ditto (side A),,2022-12-28T02:01:52Z,5,부드러움과 달콤함 모두  차가운 노래,1
197,NewJeans,OMG,,2024-04-28T12:36:40Z,0,와 ㅈㄴ 소름 ㅅㅂ!!!,2
198,NewJeans,Attention,,2022-07-22T07:53:30Z,1,노래좋다....,2
199,NewJeans,Bubble Gum,,2024-04-26T22:49:51Z,0,좋게도 생각하지말고 상식적으로만 생각해봐라. 어도어에 티저 자율 권한도 없겠니?,0
200,FIFTY FIFTY,Cupid,,2023-07-01T15:10:22Z,1,@ 정산금 논란은 지급 가능한 기일이왔을때 세세한 지출과 수입사항을 아티스트에게 공시하고 협의하는 과정을 갖습니다. 그들은 아직 정산하기에 한참 모자란 기일이 지났고 해외 음원 활동이 대부분인데 그 수익은 빨라야 7월 이후라고 밝혀졌습니다. 무엇보다 그들은 자세한 내역을 알기도 전에 소송부터 걸었습니다 일방적인 계약파기 소송이고 그 과정에서 다른 업체의 템퍼링잇김이 작용됐다고 보는게 업계의 시선입니다,1
201,FIFTY FIFTY,SOS,,2024-09-22T07:57:31Z,2,우와 . 너무 기대 됩니당.,2
202,FIFTY FIFTY,Starry Night,,2024-09-15T01:27:55Z,25,엠넷플러스 앱을 깔고 엠카운트다운에서 피프티피프티에게 투표해주세요. 핖티를 사랑하는 마음을 투표로 보여주세요. 내 한표가 의미없다고 생각하실 수도 있으시겠지만 그 한표한표의 별이 모여서 은하를 이룹니다. 여러분의 따뜻한 사랑을 보여주세요~ 표현하지 않는 사랑은 보이지 않는 경우가 많습니다. 여러분의 한표는 너무나 소중합니다. 유튜브 댓글처럼 따뜻한 마음을 투표로 보여주세요~ 15일 16일 각각 5회까지 투표 가능합니다.,2
203,FIFTY FIFTY,Cupid,,2023-11-21T03:25:12Z,3,곡은 진짜 좋네 안타깝다 전부다,1
204,FIFTY FIFTY,SOS,,2024-09-22T04:37:51Z,2,헉 저두요ㅜ 앞은 안보이고 앞에 비상 깜박이에 의지해서 달리는데 핍둥이들 노래 없었음ㅜ 힘이 나는 마법의 노래예요,2
205,FIFTY FIFTY,Starry Night,,2024-09-09T12:39:32Z,26,안무도 참 예쁘고 애덜이랑 노래. 춤 너무 찰떡이라 넘 사랑스러움,2
206,FIFTY FIFTY,SOS,,2024-09-29T11:13:07Z,19,영어버전 장난아님.. 왜 이 곡을 타이틀로 했는지 바로 알수있음,2
207,FIFTY FIFTY,Starry Night,,2024-09-06T12:47:17Z,0,@ 혼혈이 미인 미남이 많다더라 복받았네,1
208,FIFTY FIFTY,Starry Night,,2024-08-30T05:44:48Z,0,좋아요,2
209,FIFTY FIFTY,Starry Night,,2024-09-08T04:58:10Z,4,일단 카메라 마사지도 안받은 생초짜 아테나가 저 정도인건 앞으로 포텐 기대되네요. 그리고 지금 포화상태인 걸그룹시장에서 그많은 그룹의 그많은 멤버들중에 왜 장카설 셋일까요? 장카설이김박전신윤송정한강나서안유성손..이 아니고? 장카설이 나와라 뚝딱 하면 나와서 모든 그룹에 하나씩 배분 가능한 외모가 아니기 때문이겠죠. 촉박한 시간에 한정된 인재풀에서 이정도 멤버 퀄리티. 전 좋네요.,2
210,FIFTY FIFTY,Starry Night,,2024-09-05T14:41:36Z,0,​@ 날짜는 내일이네요,1
211,FIFTY FIFTY,Starry Night,,2024-09-02T05:15:21Z,11,집에 가서 응원법 연습해야지⭐️️,2
212,FIFTY FIFTY,SOS,,2024-09-20T04:14:38Z,3,기다린 보람 있고 기대이상으로 너무 좋아요 전세계 차트인 가보자고,2
213,FIFTY FIFTY,Lovin' Me,,2023-07-03T05:32:09Z,1,이게 쫄딱 말아먹은 데뷔곡이구먼...ㅎㅎ,0
214,FIFTY FIFTY,Starry Night,,2024-08-31T09:07:09Z,8,응원합니다. 노래 좋네요,2
215,FIFTY FIFTY,Starry Night,,2024-09-11T13:31:18Z,25,트위터에 삼분이 편드는 애들 뭔가 전문적이었죠. 기밀 사항도 알고 있는듯하고. 걔들 정체가 이번에 드러났네요,0
216,FIFTY FIFTY,SOS,,2024-09-20T04:34:51Z,1,Sos는 말할것도없음 뮤직비디오색감도 넘 세련ㅠ감각그자체 뉴진스한복화보색감 이랑 비슷함 요즘유행인지모르겧지만 비디오색감이 미쳤어요,2
217,FIFTY FIFTY,Starry Night,,2024-09-03T08:40:12Z,2,작곡가 코디 뮤비감독  전홍준 대표님! 새로운 피프티 2기 어떻게 만들어 드릴까요? 전홍준 큐피트 배껴주세요 -작업 후 작곡가 코디 이정도면 됐나요?. 전홍준 하... 이것밖에 못 배끼나요? 전홍준 걍 큐피트 통 카피 해주세요!,2
218,FIFTY FIFTY,Cupid,,2023-05-08T06:19:15Z,5,크 노래 좋다 한국 아이돌 노래 아닌줄 23 5 8,2
219,FIFTY FIFTY,Cupid,,2023-04-13T14:38:21Z,5,에프ㄷ킬라 뿌려야 겠다 바퀴벌레들이 많이 꼬이네 ㅎㅎ,0
220,FIFTY FIFTY,Cupid,,2023-07-04T20:12:14Z,3,통수치는것들,0
221,FIFTY FIFTY,Cupid,,2023-07-06T23:38:57Z,3,욕도 아깝다.....,0
222,FIFTY FIFTY,Cupid,,2023-04-08T04:42:12Z,2,Walk away 느낌나고 진짜 개좋은듯 흥해라,2
223,FIFTY FIFTY,SOS,,2024-09-23T03:36:51Z,9,1000만뷰 ㅊㅋㅊㅋ,2
224,FIFTY FIFTY,Lovin' Me,,2022-11-15T05:28:06Z,9,와 진~짜 예쁘다 노래 춤 멤버들 모두 다 예쁘다!! 응원할게요!!! 화이팅!!!,2
225,FIFTY FIFTY,Starry Night,,2024-09-13T00:03:21Z,33,금요일은 금빛가루 화음 스타리나이트로 이번주 마무리합니다. 즐거운 한가위 명절 쇠세요,2
226,FIFTY FIFTY,Cupid,,2023-07-04T17:58:40Z,2,오십 오십은 바보야~ 널 1위로 올려준 사람을 왜 고소해?,0
227,FIFTY FIFTY,Starry Night,,2024-09-17T01:12:29Z,16,전홍준 대표님 피프티피프티 꽃길만 걸어요,2
228,FIFTY FIFTY,Cupid,,2023-08-22T17:32:47Z,0,뱃살 ㅈㄴ많던데 ㅋㅋㅋ,0
229,FIFTY FIFTY,Lovin' Me,,2023-07-20T22:55:30Z,3,​@ 빌보드 갔는데... 어디 중소가 핫100 드러갔냐? 말해봐!!! 스테이시 엔믹스 에스파? 누가 핫100갔니? 대형도 못 드러가는데... 뉴진스도 대형이고,0
230,FIFTY FIFTY,SOS,,2024-09-28T07:07:33Z,6,https://www.youtube.com/watch?v=72GElon8xnM  --- [인사이드] 5인조 완전체로 컴백한 &#39;피프티피프티&#39; / 연합뉴스TV (YonhapnewsTV) 타고난 아름다움과 놀라운 가창력 등 뛰어난 재능들로 COMEBACK하여 국내외 무대를 통해 열심히 성실히 활동하기 시작한 키나 샤넬 예원 하나 아테나의 FiftyFifty를 &#39;연합뉴스TV&#39;께서 인터뷰에 초청해 주심을 감사드립니다. 인터뷰를 통해 이번 엘범에 수록된 곡들이 &#39;인급동&#39;(인기급등 동영상)들로 국내외 팬분들 포함 대중들에게 사랑받고 조회수 또한 천만 이상으로 날이갈 수록 상승하고 있다는 사실 앞에서 다섯 명의 피프티피프티 맴버들이 결코 자만하지 않고 더욱 더 겸손함의 태도로 인터뷰하는 모습을 보면서 타고난 인성 성품조차 어쩌면 저리도 착하고 겸손한 피프티피프티 맴버들인가 칭찬과 함께 격려 응원을 하지 않을래야 하지 않을 수가 없네요. 소속사인 어트렉트엔터사의 전홍준 대표님께서 기존 맴버인 키나를 제외하고 어쩜 저리도 타고난 인성 성품이 착하고 성실 겸손한 가운데 타고난 용모 포함 재능들도 뛰어난 샤넬 예원 하나 아테나와 같은 KPOP 분야의 재원 인재 보석들을 선발하시어 열심히 성실히 활동하며 성공의 꽃길을(이미 그러한 꽃길을 달려가고 있지만) 달려갈 수 있도록 물심양면으로 최선을 다해 지원 응원하고 계시니 한국 음악계에서 30여 년이 넘는 경력으로서 산전 수전 공중전의 파란만장한 경험 경력들의 전문가 분들 가운데서도 전문가로서 뛰어난 안목을 갖추신 분이 아닐 수가 없습니다. 피프티피프티 화이팅 ! 전홍준 대표님 화이팅 !,1
231,FIFTY FIFTY,SOS,,2024-09-20T10:02:40Z,13,​@ 찐텐인데ㅋㅋㅋ,1
232,FIFTY FIFTY,Starry Night,,2024-09-12T10:40:59Z,0,진짜요?,1
233,FIFTY FIFTY,Cupid,,2023-07-05T18:29:12Z,56,비주얼 애매해서 아무도 모름 국민 서바이벌로 새로 맴버 뽑으면 개이득 프듀 가즈아,0
234,FIFTY FIFTY,Starry Night,,2024-08-30T07:23:15Z,0,타이틀아닙니다,1
235,FIFTY FIFTY,Starry Night,,2024-09-04T02:25:48Z,0,우왕,2
236,FIFTY FIFTY,SOS,,2024-09-20T08:54:38Z,175,와~ 공감입니다,2
237,FIFTY FIFTY,SOS,,2024-09-24T23:50:56Z,11,엠카운트다운 투표끝났나요? 앱다운받고 찾아봐도 투표하는 곳이 어딨는지 모르겠어요 난생 처음해보는거라..,2
238,FIFTY FIFTY,SOS,,2024-09-20T04:48:45Z,5,Sos 다음으로 gravity 다음으로 starry night 이네요 Sos는 외국인 귀에도 굉장히 좋은노래로 들릴듯 앨범만 도착하길 기다립니다,2
239,FIFTY FIFTY,Cupid,,2023-02-23T13:45:33Z,30,첫부분부터 노래가 너무 좋아요 ㅠㅠㅠㅠㅠㅠㅠㅠㅠ진짜 중소여돌 맞냐 노래 퀄리티 봐라 진짜 너네 흥해라 ㅠㅠㅠ,2
240,FIFTY FIFTY,SOS,,2024-09-20T04:05:59Z,22,노래 귀에 쏙쏙 대박! 안무도 Sos 손동작할때 우와!,2
241,FIFTY FIFTY,Cupid,,2023-07-06T14:44:38Z,6,이지은도,1
242,FIFTY FIFTY,Starry Night,,2024-09-17T03:45:05Z,29,전대표님 화이팅~ 대한민국 3대 기획사로 뜰거같습니다~,2
243,FIFTY FIFTY,SOS,,2024-09-20T09:00:00Z,0,ㅋㅋㅋㅋㅋㅋㅋㅋㅋㅋㅋㄹㅇ 긁??,0
244,FIFTY FIFTY,SOS,,2024-09-23T16:28:39Z,4,이미 템퍼링 증거와 녹취까지 다 나왔는데도 그냥 소송할건가봐요. 인간이라면 바로 납작엎드려 사죄를 해도 모자랄판에..,0
245,FIFTY FIFTY,SOS,,2024-09-22T04:31:03Z,17,피프티 살아났구나,2
246,FIFTY FIFTY,Cupid,,2023-07-01T06:34:13Z,1,​@ 맞지 1집 개같이 망해도 수십억 썼는데 ㅋㅋ,0
247,FIFTY FIFTY,SOS,,2024-09-20T07:36:46Z,1,오~좋은데?,2
248,FIFTY FIFTY,Starry Night,,2024-09-11T14:54:08Z,3,&#39;지들 돈 나가는데 나랑 뭔 상관?&#39; 상관 많잖아.ㅠ 안성일한테 바이럴비 받아야되는데.ㅠ,0
249,FIFTY FIFTY,Cupid,,2023-03-19T20:39:02Z,2,불 꺼진 romantic all my life 내 주위는 온통 lovely day 내 눈 속에 비친 arrow sign (Oh why? Oh why?) (Oh why? Oh why?) I&#39;m feeling lonely (lonely) 그만 힐끗대고 말해줘요 Hold me (hold me) 다시 crying in my room 숨기고 싶어 (say what you say but I want it more) But still I want it more more more I gave a second chance to Cupid 널 믿은 내가 정말 stupid 보여줄게 숨겨왔던 love is it real? Cupid is so dumb 또 꿈길을 걷는 everyday 눈 뜨면 다시 또 flew away Waiting around is a waste (waste) 나 솔직히 지금이 편해 상상만큼 짜릿한 걸까? Now I&#39;m so lonely (lonely) 매일 꿈속에서 연습했죠 Kiss me (kiss me) 다시 crying in my room 포기할까 봐 (say what you say but I want it more) But still I want it more more more I gave a second chance to Cupid 널 믿은 내가 정말 stupid 보여줄게 숨겨왔던 love is it real? Cupid is so dumb I&#39;m so lonely hold me tightly 짜릿한 걸 원해 Who will really love me truly? 내게 기다림은 없어 I can&#39;t wait 더는 믿지 않아 now I&#39;m gonna make it mine Love is a light I&#39;ll show my love is right It&#39;s not a joke so give it to me right now No more chance to you You know? Hey d-d-d-dumb boy 꿈속에 매일 밤 someone Who will share this feeling I&#39;m a fool a fool for love A fool for love I gave a second chance to Cupid 널 믿은 내가 정말 stupid 보여줄게 숨겨왔던 love is it real? Cupid is so dumb I gave a second chance to Cupid 널 믿은 내가 정말 stupid 다시 한번 못 들은 척 기회를 줄게 Cupid is so dumb,1
250,FIFTY FIFTY,Starry Night,,2024-08-30T07:23:29Z,1,그 동네 떡볶이집 어딘가요? 당장 달려갑니다!!,2
251,FIFTY FIFTY,SOS,,2024-09-25T18:04:53Z,15,음방 기다려지네요~,2
252,FIFTY FIFTY,SOS,,2024-09-21T03:33:09Z,6,항상 응원할게욤~,2
253,FIFTY FIFTY,Cupid,,2023-07-04T03:58:31Z,21,뒤통수 50번 칠래~,0
254,FIFTY FIFTY,Starry Night,,2024-08-31T00:29:15Z,2,착한 딸들이에요,2
255,FIFTY FIFTY,Starry Night,,2024-09-07T06:23:22Z,15,1000만 ㅊㅊㅊㅊㅊㅊㅊㅊㅊㅊㅊㅊㅊㅊㅊㅊㅊㅊㅊㅊㅊㅊㅊㅊㅊㅊㅊㅊㅊㅊㅊㅊ 난 일하러 간다 이따 또 보자고 핍둥이들아,2
256,FIFTY FIFTY,Starry Night,,2024-08-30T06:04:34Z,0,응원합니다~!!,2
257,FIFTY FIFTY,Starry Night,,2024-08-30T04:35:24Z,0,아~~~좀아쉬운데,0
258,FIFTY FIFTY,Starry Night,,2024-09-07T06:19:19Z,10,천만 카운트다운 돌입!!!,2
259,FIFTY FIFTY,Cupid,,2023-07-03T15:09:07Z,5,1억뷰 가즈아 ~~~~~~!!!,2
260,FIFTY FIFTY,Starry Night,,2024-09-08T11:50:37Z,5,혹시??안성일?? ㅋㅋㅋㄲㅋㅋㅋㄱ배아픈갑넹 ㅋㅋㅋㅋㅋ,0
261,FIFTY FIFTY,Cupid,,2024-09-22T17:22:50Z,7,인성은 별로였어도 음색은 깔수없다. 새로 나온 2기가 잘됐으면 좋겠지만 음색은 1기에 미치지 못해서 아쉬워서 다시 보러옴,2
262,FIFTY FIFTY,Cupid,,2023-07-17T16:58:28Z,0,진짜 교활한 애죠,0
263,FIFTY FIFTY,Cupid,,2023-07-09T10:54:02Z,1,옳소! 능지처참 납시오~~~ ㅋㅋㅋ,0
264,FIFTY FIFTY,Starry Night,,2024-09-05T04:12:01Z,29,전홍준대표님 안목도 좋으시고 트렌디하신거같아요! 이번 신곡도 너무 좋아요,2
265,FIFTY FIFTY,Starry Night,,2024-08-30T08:35:36Z,4,2기 비주얼은 확실히 업그레이드,2
266,FIFTY FIFTY,SOS,,2024-09-21T07:07:06Z,3,7788 오랜만에 왔는듯 ㅋ,1
267,FIFTY FIFTY,Cupid,,2023-04-25T10:02:50Z,7,빌보드 핫 100 50위 ㅊㅋㅊㅋ 드려요,2
268,FIFTY FIFTY,Starry Night,,2024-09-02T12:52:56Z,23,중독성 있는 노래입니다. 계속 듣고 보게 되네요~ 1 000만 뷰 가봅시다 :),2
269,FIFTY FIFTY,SOS,,2024-09-21T23:27:54Z,12,공감~~ 흰색 옷이 청순하면서도 이뻤어요~~~,2
270,FIFTY FIFTY,Starry Night,,2024-08-31T17:47:11Z,3,그분 또 댓삭 한거 같은데요,2
271,FIFTY FIFTY,Starry Night,,2024-09-02T07:39:36Z,21,타 그룹 팬들도 모두 응원하러 왔다! 매일 경쟁하느라 싸움터여서 씁쓸했는데 이만하면 연예계 평화도 지키러 나온거 아닌가...!! 진짜 잘되면 좋겠다! 이 참에 다른 그룹들도 서로 응원하는 팬 문화 생기면 좋겠다,2
272,FIFTY FIFTY,Cupid,,2023-07-05T12:47:34Z,23,지금이라도 대표께 정중히 사과하고 용서를 빌어라고 댓글을 엊그제 적었는데 오늘 소속사몰래 가족들하고 팀명 개별 상품권등록하고 어트랙스 대표 형사고소 준비한다는 기사보고 마음 접었다. 이정도일줄은 정말 몰랐네. 상품권 등록 한게 소속사를 상대로 전속계약 효력정지 가처분 신청을 제기한 날과 겹친다는 말 듣고 솔직히 소름 돋았다. 나이 40넘게 아이돌 이 정도로 관심있게 지켜보고 기사 매일 찾아보고 음악1시간이상씩 매을듣고 잘되기를 응원한게 처음인데 이 정도일줄 몰랐네.. 어트랙스 관계자가 멤버들이랑 가족들 계속 연락 닿을려고 집에도 찾아가고 연락도 했다는데 전혀 연락도 닿지 않았다는거보니 작정하거 준비하는거 같네. 이제 더이상 응원은 못하겠다.그렇다고 비난도 더이상은 안할련다. 처음부터 이 정도 인성이고 이 정도 그릇밖에 안되는구나 생각할련다.정말정말 실망이네. 대표님은 꼭 승소하셔서 저작권 찾으시고 보란듯이 2기멤버 새로 찾아서 재기 하시길 바랍니다.많은것 못해주겠지만 앨범구매 그리고 콘서트 한다면 티켓은 꼭 구매 하겠습니다.,0
273,FIFTY FIFTY,SOS,,2024-09-20T15:13:11Z,3,이 문화적 그리고 역사적 충격의 시작  정말 격렬하게 응원합니다. 사랑해요 핍티핍티!!,2
274,FIFTY FIFTY,SOS,,2024-09-28T10:51:17Z,2,어이구 인천으로 이사갔나봐?,0
275,FIFTY FIFTY,Starry Night,,2024-09-06T15:42:38Z,5,와…멋집니다! 저는 아이패드랑 아이폰으로 스밍 중인데 짱박아뒀던 랩탑이 어디있는지 찾아봐야겠네요!,2
276,FIFTY FIFTY,SOS,,2024-09-20T04:28:55Z,3,노래너무조아ㅏㅏㅏ 다들너무이뿌다ㅠㅠ,2
277,FIFTY FIFTY,Starry Night,,2024-08-31T11:39:11Z,32,중독성이 있네요,2
278,FIFTY FIFTY,Cupid,,2024-08-10T08:51:02Z,25,애들 아깝긴하다 목소리 특이하고 좋았는데… 왜 그런 욕심을 부리고 선택을 했을까 아쉽다,1
279,FIFTY FIFTY,Starry Night,,2024-09-03T10:07:25Z,15,구독자가 점점 늘어나네...177만,2
280,FIFTY FIFTY,Higher,,2023-04-02T05:14:16Z,6,하얀티에 하늘색 치마 양갈래 리더 새나 메인 댄서 썹랩퍼 04년생 분홍점퍼에 연청바지 하얀 비니 시오 메인보컬 리드댄서 04년생 새나 시오 같이 러빈미 부름 금발 분홍색 바지 하늘색 원피스 키나 메인 랩퍼 썹보컬 02년생 인트로 청 숏 원피스 리본에 하얀 원피스 아란 리드보컬 리드래퍼 04년생 막내 키나 아란 같이 텔미 부름 피프티 피프티 화이팅 !,2
281,FIFTY FIFTY,Starry Night,,2024-09-09T23:10:20Z,12,좋은 아침 입니다,2
282,FIFTY FIFTY,Cupid,,2023-07-04T10:28:15Z,11,피프티피프티곡은 앞으로 듣지않겠다. 바비 보이콧이다.,0
283,FIFTY FIFTY,Starry Night,,2024-09-03T02:14:43Z,2,응? 그러고보니 샤넬턴?,1
284,FIFTY FIFTY,Lovin' Me,,2023-06-03T13:57:01Z,0,영미권 팝은 이렇게 가슴을 후비고 가슴에 직접 와닿는 노래는 없는 걸로,2
285,FIFTY FIFTY,SOS,,2024-09-20T04:27:02Z,0,약간 보사노바풍의 음악이내요 큐피드를 연상케 하면서도 독특한 음악 같습니다 좋아요,2
286,FIFTY FIFTY,SOS,,2024-09-23T01:30:33Z,4,틀딱이겠지 ㅋ,0
287,FIFTY FIFTY,SOS,,2024-09-20T05:02:34Z,1,눈물날만큼좋타,2
288,FIFTY FIFTY,Starry Night,,2024-08-30T04:17:48Z,5,후렴 부분이 존좋ㅇㅇ 타이틀도 기대된다,2
289,FIFTY FIFTY,Starry Night,,2024-08-30T16:55:05Z,10,난 엔터에 관해선 외모 지상주의 니까.. 1기 보다 이쁘니까 좋다.,2
290,FIFTY FIFTY,Higher,,2024-06-14T14:49:47Z,6,오늘 입덕했는데... 이제 더는 볼 수 없다니... 참 슬프구나...,1
291,FIFTY FIFTY,Cupid,,2023-07-07T03:26:09Z,0,원래 소속사 유통사자 저작권자보다 돈 훨씬 마니 가져갑니더 저작권도 다 가져가려고 싸우는거고 에휴 소속사 이미 떼돈 벌어놨어요 가처분 들어가니까 정산도 해줬고. 모든 활동에서 소속사가 돈 젤 마니 가져감 그러니까 안놔주려는거고 저 가수들은 못믿어소 나가고 싶다는 것임,0
292,FIFTY FIFTY,Starry Night,,2024-09-02T16:12:52Z,5,그것은 잘못된 정보야.,0
293,FIFTY FIFTY,Lovin' Me,,2023-06-18T06:50:48Z,5,한국 사람들도 잘 모름 ㅋㅋ,0
294,FIFTY FIFTY,Starry Night,,2024-09-03T04:40:53Z,6,댓글들 보니까...삼프티 사건이 말이 많 고 탈이 많았던 사건들이였어서 어르신 들이 피프티2기 노래많이들으시는것 같네..- -ㅋㅋ계속..나이인증을 하심,0
295,FIFTY FIFTY,SOS,,2024-09-23T15:30:58Z,2,악플을 무지성으로 알바로만 몰아가는 팬들의 태도는 까를 더 많이 만들어냅니다..,0
296,FIFTY FIFTY,Starry Night,,2024-08-30T15:05:54Z,7,노래개좋음,2
297,FIFTY FIFTY,Starry Night,,2024-08-30T11:55:44Z,4,진짜 아이돌누가누군지 모르는 사람.. 근데 피프티는 응원하고 싶다. 맴버가 누군지는 모르지만 피프티 화이팅!!,2
298,FIFTY FIFTY,Starry Night,,2024-09-02T13:25:32Z,43,진짜 진심어린 애정이 느껴집니다 울 핍둥이들은 좋겠다 이런 든든한 지원군들이 지금 30만명 대기중이니,2
299,FIFTY FIFTY,Cupid,,2023-09-16T14:45:31Z,0,더기버스에서 6개월만에 성장시켰고 몇년동안 데뷰도 못하고있었음다,1
300,Kep1er,Up!,,2022-06-27T09:48:45Z,6,한 여름 햇빛이 쨍한날 에어컨틀고 시원한 아이스아메리카노 마시면서 듣고싶은 노래,2
301,Kep1er,Giddy,,2023-04-10T15:03:42Z,15,頑張ってるkep1ianのコメント見ると泣けてくるkep1ianまだまだいけるよ화이팅가자〜!!,2
302,Kep1er,Giddy,,2023-04-12T02:20:40Z,5,너무 좋다,2
303,Kep1er,WA DA DA,,2022-01-03T09:36:23Z,0,가자 kep1er 노래 너무 좋다 당신 모두는 너무 재능이 있습니다 올해는 여러분 모두에게 최고의 해가 될 것입니다.,2
304,Kep1er,Straight Line,,2024-04-23T15:13:15Z,1,한국에서 정말 사랑해요,2
305,Kep1er,WA DA DA,,2022-01-14T16:01:41Z,0,예서 포토카드를 받을 수 있도록 기도해주세요!,2
306,Kep1er,WA DA DA,,2022-01-04T05:29:22Z,2,너무하긴해 히에 불량 8초밖에 없는게 말이안돼잖아 악플이나 달고,0
307,Kep1er,WA DA DA,,2022-05-08T15:04:59Z,24,KCON 수고하셨습니다!일본에서 온라인으로 응원하고 있었어요! 멋있었어요!앞으로도 응원할게요!파이팅!,2
308,Kep1er,Giddy,,2023-08-22T08:41:19Z,1,저 부르시는 건가요?,1
309,Kep1er,Wing Wing,,2022-08-03T06:19:25Z,1,컨셉 너무 잘 어올려! 화이팅!,2
310,Kep1er,Up!,,2022-07-09T22:51:47Z,3,잘 뽑았네,2
311,Kep1er,Up!,,2022-06-22T17:41:24Z,7,케플러 화이팅!!!,2
312,Kep1er,We Fresh,,2022-10-13T12:21:01Z,0,우리 다연이 최고야 정말,2
313,Kep1er,WA DA DA,,2022-01-04T00:58:21Z,1,케플러 데뷔 축하해,2
314,Kep1er,Up!,,2022-06-20T09:16:45Z,1,헐ㄹ...우리짱플러 컴백해쪄? 사랑해,2
315,Kep1er,Straight Line,,2024-04-29T03:54:36Z,11,ヒエちゃんの表情が過去一なんですけど1:01  マシロちゃんのダンス最高2:00 한국에서도 이 곡으로 컴백했으면 좋겠네요.,2
316,Kep1er,Giddy,,2023-04-09T16:01:41Z,0,케플러 사랑해 ㅋㄷ 흥해랏,2
317,Kep1er,WA DA DA,,2022-01-05T10:19:31Z,2,채현이 너무 귀엽고 예쁘당,2
318,Kep1er,Giddy,,2023-04-10T03:41:14Z,0,Hahaha 그만해~ 계속 그렇게 말한다면 신곡이 나오지 않습니다 all members 사랑해 주세요 이 곡은 전부 killing part 9명 전부 예쁘고 소중하다,0
319,Kep1er,WA DA DA,,2023-10-02T10:18:41Z,23,케플러는 진짜 안타깝다...데뷔곡이후로는 인기가 많이 식어버렸네,0
320,Kep1er,WA DA DA,,2022-01-03T22:31:32Z,2,이 아름다운 노래를 듣고 멈출 수 없어 wadada,2
321,Kep1er,Wing Wing,,2022-08-02T22:11:19Z,0,노래랑 컨셉 다 좋다,2
322,Kep1er,WA DA DA,,2022-01-03T09:34:24Z,1,Yessss my ACE seo young-un finallyyyyyyyy ahhhkkkk. Sending my love and full support for Kepler OT9 wohoooo 화이팅,?
323,Kep1er,WA DA DA,,2024-03-13T23:24:31Z,2,케플러,1
324,Kep1er,WA DA DA,,2022-01-16T03:58:12Z,2,바히이가 부당하게 대우받는 이유는 무엇입니까? 유명한 kap1er 카르나 바히이이지만 그는 여동생 현닝카이입니다 심한 도대체,0
325,Kep1er,WA DA DA,,2022-01-26T11:48:49Z,5,영어로 댓글 쓰기 지겹다 www. 하지만 한국어 댓글은 없어요 TnT 제 영어가 더 좋았으면 좋겠어요 :),0
326,Kep1er,I do! Do you,,2023-02-21T19:09:07Z,0,노래 좋아요?,1
327,Kep1er,WA DA DA,,2022-01-03T13:21:11Z,0,우리 히에,2
328,Kep1er,Giddy,,2023-04-10T18:06:49Z,0,우리 케플러,2
329,Kep1er,WA DA DA,,2022-01-03T10:40:54Z,2,다연아 프듀 때부터 수고했어!!너무 이쁘다 케플러 제일 잘 나갖,2
330,Kep1er,WA DA DA,,2022-04-23T17:54:36Z,0,얘들아..내 머리에서 꺼져 말그대로 5세대를 박살내셨군요 축하드립니다 1억뷰 사랑해요,2
331,Kep1er,Up!,,2022-06-20T09:20:49Z,1,여기 배속돌린 것 같은데 기분탓인가,0
332,Kep1er,WA DA DA,,2022-01-03T09:07:51Z,0,다연아 축하해,2
333,Kep1er,Giddy,,2023-10-24T18:27:00Z,16,저는 케플리안은 아니지만 이 노래가 저에게 많은 빛을 줬어요 고마워요 뽀뽀들,2
334,Kep1er,WA DA DA,,2022-03-31T11:26:32Z,2,어마어마한 강력한,2
335,Kep1er,WA DA DA,,2022-05-08T02:49:53Z,363,케플러 너무 멋있어요!🫰,2
336,Kep1er,WA DA DA,,2022-03-24T13:52:32Z,3,채현 언니 오프닝 때 나 죽어,2
337,Kep1er,WA DA DA,,2022-01-04T05:19:37Z,2,Kep1er 사랑해 デビューおめでとう 短い活動期間なのだから、花道だけを沢山歩こうね。 ふぁいてぃん,2
338,Kep1er,WA DA DA,,2022-01-03T22:21:22Z,0,케플러의 첫 번째 신곡이 와다다이지만 꼭 들을게요.,2
339,Kep1er,Up!,,2022-06-20T11:22:21Z,1,대박 아름다운!,2
340,Kep1er,WA DA DA,,2022-04-16T20:46:14Z,4,1억회 축하해요~~~~,2
341,Kep1er,Up!,,2022-06-20T13:48:23Z,0,이번에 예서 너무 이쁜데?!🫶,2
342,Kep1er,Giddy,,2023-04-09T16:00:23Z,1,채현이 테니스치마 허벅지 예쁘다 너무,2
343,Kep1er,WA DA DA,,2022-01-09T12:44:12Z,5,Kep1er사랑해요(*´`),2
344,Kep1er,WA DA DA,,2022-01-03T13:14:59Z,1,so cute!!항상 응원할게 사랑해,2
345,Kep1er,WA DA DA,,2022-01-03T09:01:25Z,1,와 케플러 신곡 대박이야 노래 좋다,2
346,Kep1er,Giddy,,2023-04-09T15:15:58Z,0,우리 김채현 너무 예쁘다,2
347,Kep1er,WA DA DA,,2022-01-05T05:38:43Z,1,오늘도 ㅋㅋㅋ,2
348,Kep1er,WA DA DA,,2022-04-16T06:04:58Z,5,HUNDRED MILLION LIKE SUPERSONIC #WADADA_100M_Views #와다다_1억뷰_축하해,2
349,Kep1er,Up!,,2022-06-20T13:42:22Z,0,케플러 짱이야..,2
350,Kep1er,Giddy,,2023-04-12T08:49:51Z,34,이것은 정말 좋은 노래입니다. 재미있고 멋지고 컨셉이 아주 예뻐요. Kep1er의 새로운 것입니다. 소녀들은 아름다워 보이고 모두 잘 지내고 있습니다!,2
351,Kep1er,Up!,,2022-06-24T15:24:54Z,5,샤오팅 와 진짜 예뻐ㅠㅠ,2
352,Kep1er,WA DA DA,,2022-04-07T08:35:17Z,4,네...해외팬 엄청 많아요,1
353,Kep1er,We Fresh,,2022-10-13T12:23:22Z,0,샤오팅,2
354,Kep1er,Up!,,2022-06-21T20:55:58Z,40,나는 여름의 개념을 좋아한다. 멤버들 다 예뻐요(_) Kep1er 파이팅!!,2
355,Kep1er,WA DA DA,,2022-01-03T09:04:55Z,0,Rookie of the year! Let’s Go!!! Kep1er 케플러 짱,2
356,Kep1er,WA DA DA,,2022-01-05T14:08:48Z,1,유투브는 조회수 올라가서 좋은데 음원차트 성적 올라갔으면 좋겠다,1
357,Kep1er,Up!,,2022-06-21T08:56:42Z,0,자신이 머리가 조금 똑똑하다 ? 대학교 간 사람 ? 이 글을보고 돈을 모을 수 있는 사람입니다. 누구나 ! 포커게임으로 평등하게 ! 덤 검색하세요 !,1
358,Kep1er,WA DA DA,,2024-01-15T11:50:09Z,16,홍세현도 좋아하는 노래,1
359,Kep1er,WA DA DA,,2022-01-08T02:26:09Z,1,이 팀은 왜 인스타 광고에 뜨지 ..?,0
360,Kep1er,We Fresh,,2022-10-14T06:57:59Z,7,500만 번 재생을 축하합니다.,2
361,Kep1er,Up!,,2022-06-20T19:39:36Z,0,이 노래에 푹 빠졌어,2
362,Kep1er,Up!,,2022-07-18T16:21:56Z,20,30M views 축하해~ Up! Up! Up! Up! Up!,2
363,Kep1er,WA DA DA,,2022-01-03T11:24:41Z,1,채현이랑 다연이 파트 극락이다..,2
364,Kep1er,Up!,,2022-08-18T17:56:44Z,3,보는 걸 멈출 수가 없어,2
365,Kep1er,Up!,,2022-06-20T09:15:40Z,260,전 어제 컴백쇼 더블라스트 온데어 사녹 다녀왔었는데 그 때 봤던 그 감정이 다시 살아나네요!! ㅠㅠ 노래 이번에 넘나 좋아요!! I already watched yesterday their comeback show as a pre-recorded program!! At that time I felt amazing moment!! and I feel same awesome moment now!!!,2
366,Kep1er,Giddy,,2023-04-09T16:58:55Z,0,기디기디,2
367,Kep1er,Giddy,,2023-04-18T08:51:14Z,2,SHEN Xiaoting은 매우 아름답습니다.,2
368,Kep1er,Giddy,,2023-04-10T00:20:28Z,3,왜 이리 예뻐진거야들?,2
369,Kep1er,WA DA DA,,2022-01-03T14:24:52Z,2,데뷔를 축하해,2
370,Kep1er,WA DA DA,,2022-04-26T12:13:50Z,3,채탄절 축하해!!,2
371,Kep1er,WA DA DA,,2022-01-04T07:27:03Z,2,ヨンウンが最高に可愛すぎる 사랑해️️️️,2
372,Kep1er,WA DA DA,,2022-01-03T18:24:32Z,0,Dayeon part sooooooooooooo............... 아넘촣아~ 김다연 사랑해요,2
373,Kep1er,WA DA DA,,2022-01-07T11:11:32Z,2,정말 열심히 해줬으면 좋겠어요.️‍,2
374,Kep1er,We Fresh,,2022-10-14T04:10:14Z,5,휘몰아쳐 케플러,2
375,Kep1er,WA DA DA,,2022-01-03T10:55:53Z,1,최유진  심소정  마시로  김채현  김다연  히카루  바히에  서영은  강예서  진짜 최고다 ️️️️️ 공중파 음방 1위 가자 !!!!,2
376,Kep1er,Giddy,,2023-09-25T14:18:18Z,1,영은,2
377,Kep1er,Giddy,,2023-04-09T15:25:00Z,0,내 인생에서 한 가지만 들을 수 있다면 그건 히에의 목소리일 거야~,2
378,Kep1er,Giddy,,2023-04-09T15:27:59Z,70,이 노래는 대중에게 퍼져야합니다. 아주 좋은 노래입니다！！,2
379,Kep1er,Giddy,,2023-04-10T18:43:41Z,4,ケプリアン全員で再生しまくろう！ Let&#39;s listen a lot with Kep1ian Kep1ian에서 많이 들어보세요.,2
380,Kep1er,WA DA DA,,2022-01-03T10:20:21Z,1,코로나 조심하세요 감기조심하세요,2
381,Kep1er,Up!,,2022-06-20T09:03:52Z,0,미쳤다 와 진짜 곡 좋다,2
382,Kep1er,Up!,,2022-06-20T10:21:28Z,0,히에~어떻게 아름답게 춤을 추면서 노래를 그렇게 잘 부를 수 있어? 너 때문에 내 심장이 터질 것 같아!,2
383,Kep1er,WA DA DA,,2022-01-05T04:36:29Z,0,나는 그것을 아주 좋아했다. 다들 너무 이쁘고 예뻐요!,2
384,Kep1er,WA DA DA,,2022-02-05T04:30:40Z,3,최유진 앞머리 없는 것도 엄청 좋은데 앞머리 잘았으면 좋겠다 씨엘씨 처럼..ㅜ,2
385,Kep1er,WA DA DA,,2022-04-06T13:25:32Z,7,나는 그것을 너무 사랑 그것을 유지하고 당신은 뮤에 나는 그것 을 너무 많이 사랑 그것을 유지하고 당신은 매우 멀리 얻을 것이다,2
386,Kep1er,WA DA DA,,2022-02-11T05:25:42Z,3,아예 몰랐는데 노래 중독성 미쳤다 계속 듣게 되네…! 흥 하자 흥!,2
387,Kep1er,WA DA DA,,2022-03-21T12:48:27Z,4,히이 사랑해,2
388,Kep1er,Up!,,2022-06-21T08:27:28Z,5,이런 노래를 기다렸다.. 드디어 여름이 왔군!!,2
389,Kep1er,Up!,,2022-06-20T14:34:43Z,0,진짜 히에가 나무 예쁘당 ㅠㅠ,2
390,Kep1er,WA DA DA,,2022-03-05T15:44:59Z,1,당신은 정말 놀랍습니다,2
391,Kep1er,Up!,,2022-06-20T09:52:11Z,16,kep1er 안무는 항상 중독성 있어서 좋아요!,2
392,Kep1er,WA DA DA,,2022-01-06T14:22:48Z,0,누가누군지 정신없당 ㅜ,2
393,Kep1er,WA DA DA,,2022-01-30T14:55:54Z,23,아름다운 Bhai Bhai 멋진 BAH 그녀의 목소리가 아름답습니다 BAH 사랑합니다 응원합니다 이라크에서 왔어요 사랑합니다,2
394,Kep1er,WA DA DA,,2022-01-03T12:51:42Z,1,ヨンウン사랑해요,2
395,Kep1er,Giddy,,2023-04-09T18:04:25Z,1,아짜증나 휴동이랑 머리색겹침 ㅅㅂ,2
396,Kep1er,WA DA DA,,2022-01-13T09:43:38Z,5,엠카운트다운 음악 방송 1위 후보 Kep1er  IVE,2
397,Kep1er,I do! Do you,,2023-02-21T15:02:54Z,0,Kep1er사랑해,2
398,Kep1er,WA DA DA,,2022-01-13T10:33:08Z,7,Kep1er 엠카운트다운 1위 축하합니다.,2
399,Kep1er,Up!,,2022-06-21T21:56:42Z,14,I keep coming back for - ...really making my heart go 두근 두근 두근,2
400,LE SSERAFIM,Perfect Night,,2023-10-27T04:06:42Z,0,진짜 게임에 오버워치 몇년을 하면서 현질 안했는데..이건 못 참겠다. 지갑 열어,2
401,LE SSERAFIM,CRAZY,,2024-09-06T17:28:22Z,9,민천지 하이~ 조회수 +1,0
402,LE SSERAFIM,CRAZY,,2024-08-30T22:47:58Z,0,병 ㅋㅋ,0
403,LE SSERAFIM,"이브, 프시케 그리고 푸른 수염의 아내",,2024-05-06T13:24:39Z,1,뭐라노? 기자회견 안 보고 왔나 이때 단월드가 더 신나하고 있는 것도 이해가 안 가는구만,0
404,LE SSERAFIM,Impurities,,2022-11-13T15:03:46Z,0,진짜 뭔가 나른 몽롱 .. 진짜 좋다 윤진 바이브레이션이 진짜 너무 좋음 ㅠㅜ,2
405,LE SSERAFIM,EASY,,2024-02-26T21:22:58Z,3,이런느낌 아이돌에서 봐서 너무 좋음,2
406,LE SSERAFIM,FEARLESS,,2022-05-06T13:19:23Z,1,누가 김가람임?,0
407,LE SSERAFIM,"이브, 프시케 그리고 푸른 수염의 아내",,2023-05-23T15:49:19Z,25,노래 퍼포 착장 울애들 얼굴까지!!!완벽했다!!!!!!!멋짐이 폭팔했다,2
408,LE SSERAFIM,"이브, 프시케 그리고 푸른 수염의 아내",,2023-05-23T15:05:36Z,1,미쳤는데ㅋㅋ 안무랑 노래 사기인데ㅋㅋ,2
409,LE SSERAFIM,"이브, 프시케 그리고 푸른 수염의 아내",,2023-05-23T15:11:58Z,1,미쳤다리,2
410,LE SSERAFIM,Impurities,,2022-11-13T17:11:13Z,0,하.. 진짜 멋있다,2
411,LE SSERAFIM,"이브, 프시케 그리고 푸른 수염의 아내",,2023-07-03T05:59:03Z,1,너무멋있어서눈물이흐른다 르세라핌은몰까 ㅠ,2
412,LE SSERAFIM,CRAZY,,2024-09-01T09:47:32Z,9,한국댓 없는거 ㅈㄴ 웃기넹,0
413,LE SSERAFIM,CRAZY,,2024-09-07T07:54:10Z,6,조회수 1 땡큐,1
414,LE SSERAFIM,"이브, 프시케 그리고 푸른 수염의 아내",,2024-05-02T08:13:52Z,3,댓글 복붙하는데 굳이 지금 그 ㅈㄹ 해야됨 아줌마? 선교는 나가서 하든지 하세요,0
415,LE SSERAFIM,ANTIFRAGILE,,2022-10-16T23:18:41Z,0,노래가 좋다.,2
416,LE SSERAFIM,Perfect Night,,2024-01-01T14:55:23Z,13,한국어 버전도 나왔으면 좋겠다 ㄹㅇ 너무좋음,2
417,LE SSERAFIM,EASY,,2024-02-20T13:13:23Z,1,진짜 사운드 세련이다,2
418,LE SSERAFIM,ANTIFRAGILE,,2022-10-17T18:14:21Z,3,그 주제는 나의 자존감을 높여준다. 사랑스럽다 .,2
419,LE SSERAFIM,ANTIFRAGILE,,2023-05-23T17:21:05Z,0,모자가 없으면 이 노래는 공허해,0
420,LE SSERAFIM,CRAZY,,2024-09-02T04:27:24Z,9,걍 댄서들을 위한 노래같음,0
421,LE SSERAFIM,EASY,,2024-03-25T08:46:34Z,7,중독적이야,2
422,LE SSERAFIM,"이브, 프시케 그리고 푸른 수염의 아내",,2023-05-23T22:18:17Z,120,르 세라핌 정말 사랑합니다 당신은 아주 좋습니다 MV는 춤을 아주 잘합니다 영원히 지원하고 사랑하는 손을 들거나 하트를 남기거나 왕관을 남깁니다,2
423,LE SSERAFIM,CRAZY,,2024-09-03T14:13:30Z,10,뮤비제목처럼 미친것같아요 노래도 춤도 뮤비도.. 좋은뜻으로 미친게아님..,0
424,LE SSERAFIM,EASY,,2024-02-19T10:25:11Z,2,이번에 왜케 힙해 ㅋㅋ,2
425,LE SSERAFIM,FEARLESS,,2022-05-02T09:58:16Z,0,바닥기고 난리났네 애기 데리고,1
426,LE SSERAFIM,Impurities,,2022-11-13T15:46:07Z,1,르세라핌 얘들아 너무 사랑해!,2
427,LE SSERAFIM,"이브, 프시케 그리고 푸른 수염의 아내",,2024-04-13T12:48:30Z,2,게릿랔 붐붐붐~~,2
428,LE SSERAFIM,CRAZY,,2024-08-31T14:53:32Z,5,토끼는 괴롭힘을 멈춰️주세요~,0
429,LE SSERAFIM,"이브, 프시케 그리고 푸른 수염의 아내",,2023-05-24T05:07:45Z,2,살짝 믹스팝 장르 느낌 남..... 엔믹스하고는 또 다르게 멋짐......,2
430,LE SSERAFIM,Impurities,,2022-11-20T05:07:32Z,3,팬될 것 같아..,2
431,LE SSERAFIM,ANTIFRAGILE,,2022-10-17T10:58:20Z,1,우왕 중독성,2
432,LE SSERAFIM,EASY,,2024-04-13T12:03:59Z,2,넘 좋앙,2
433,LE SSERAFIM,ANTIFRAGILE,,2022-10-17T11:23:49Z,1,노래는 별로 낯설지만(보통 한국에서듣습니다) 멤버들은 정말좋습니다. 와.,2
434,LE SSERAFIM,Impurities,,2022-11-14T14:03:49Z,2,노래에서 SM의 향기가 난다,1
435,LE SSERAFIM,"이브, 프시케 그리고 푸른 수염의 아내",,2023-07-11T00:01:08Z,0,케이팝은 늘 새로워~,2
436,LE SSERAFIM,FEARLESS,,2022-11-13T10:31:50Z,4,나는 김가람을 정말 좋아한다,2
437,LE SSERAFIM,CRAZY,,2024-09-14T23:58:52Z,14,조회 감사합니다 더 자주와주세요,2
438,LE SSERAFIM,"이브, 프시케 그리고 푸른 수염의 아내",,2023-05-23T15:41:51Z,35,이프푸 폼 미쳤다...비트랑 시각적 구성이 뛰어나고 그걸 멤버들이 너무 잘 살려내서 뮤비도 좋지만 항상 무대 위에 올리면 더 빛나는게 르세라핌인 것 같음 후속 활동도 본 활동만큼 기대된다,2
439,LE SSERAFIM,"이브, 프시케 그리고 푸른 수염의 아내",,2023-07-04T18:05:47Z,0,ㅋㅋ 원숭이가 말도하노 히로시마 마렵네,0
440,LE SSERAFIM,Perfect Night,,2024-01-11T21:29:52Z,0,복귀하자마자 그마찍는겜이 재밋겟나여..,1
441,LE SSERAFIM,"이브, 프시케 그리고 푸른 수염의 아내",,2023-05-23T15:08:28Z,1,붐붐붐 너무신난다 ㅋㅋㅋㅋ,2
442,LE SSERAFIM,CRAZY,,2024-08-30T06:35:53Z,0,당신이 왜 안오는지 궁금했습니다.,2
443,LE SSERAFIM,Impurities,,2023-02-01T15:33:13Z,0,이세상 걸그룹이 아니다,2
444,LE SSERAFIM,ANTIFRAGILE,,2022-10-18T00:17:57Z,5,카즈하가 미래야,2
445,LE SSERAFIM,ANTIFRAGILE,,2022-10-17T14:39:16Z,5,르세라핌 최고야.. 진짜 언제나 짜릿해요..1,2
446,LE SSERAFIM,"이브, 프시케 그리고 푸른 수염의 아내",,2023-05-24T04:18:35Z,0,훈듀루라훈듀루라,0
447,LE SSERAFIM,Perfect Night,,2024-02-01T05:36:23Z,0,은채 진짜 디바 닮았다 근데 막판에 막혔을때 트레이서가 아니라 디바궁으로 뚫을 생각해본거 나뿐인건 아니지?,2
448,LE SSERAFIM,FEARLESS,,2022-10-07T14:49:29Z,1,정확히 어디에요?? 알려주실 수 있나요...?,1
449,LE SSERAFIM,Perfect Night,,2023-11-05T11:30:07Z,19,ㄹㅇ 노래 겁나 잘 뽑음ㅋㅋ,2
450,LE SSERAFIM,CRAZY,,2024-09-07T05:29:21Z,2,싸패버니즈 Let&#39;s give it up for Lesserafim! Keep Going Streaming! 45M is Coming!  All the girls are girling girling~ All the girls are girling girling~ All the girls are girling girling~ All the girly girls All the girls are girling girling~ All the girls are girling girling~ All the girls are girling girling~ All the girly girls,2
451,LE SSERAFIM,Impurities,,2022-11-13T15:35:48Z,0,수록,1
452,LE SSERAFIM,"이브, 프시케 그리고 푸른 수염의 아내",,2023-07-07T15:32:25Z,0,애들이 뼈밖에 없네.. 좀비가 춤추는줄... 대한민국 아이돌은 굶겨야 돈버는건가..,0
453,LE SSERAFIM,"이브, 프시케 그리고 푸른 수염의 아내",,2023-06-01T05:38:36Z,3,김채원 최고다,2
454,LE SSERAFIM,ANTIFRAGILE,,2023-01-25T05:34:01Z,62,3개월만에 1억회라.....갓벽한 멤버들에 개쩌는 노래...2억회까지 가자,2
455,LE SSERAFIM,Impurities,,2022-11-14T04:16:36Z,3,르세라핌은 짱이야  멤버 모두 매력터지고 멋있어요!,2
456,LE SSERAFIM,ANTIFRAGILE,,2022-10-16T22:58:59Z,2,좋다,2
457,LE SSERAFIM,EASY,,2024-02-19T09:23:53Z,0,왜?,1
458,LE SSERAFIM,CRAZY,,2024-08-31T09:48:18Z,9,솔직히 컨셉이 대단히 유니크함 중독성도 강하고 곡이 잘뽑힌듯,2
459,LE SSERAFIM,ANTIFRAGILE,,2022-10-16T18:14:44Z,0,뭔노래야,0
460,LE SSERAFIM,CRAZY,,2024-09-01T18:33:16Z,1,@-n2v lemme tell u one thing I’ve been their fan but for me newjeans is special that’s the difference people like u start these fan war,?
461,LE SSERAFIM,CRAZY,,2024-09-01T02:32:34Z,42,르세라핌 24년 걸그룹 신기록수립하며 스포티안착 스밍 고고 잊지말자!!새역사가 얼마남지않았어요 피어나들!!,2
462,LE SSERAFIM,ANTIFRAGILE,,2022-10-25T02:53:04Z,2,오늘도 변함없이....홧~팅,2
463,LE SSERAFIM,Smart,,2024-03-27T15:36:26Z,0,내가 괜찮은지 확실하지 않아,1
464,LE SSERAFIM,FEARLESS,,2024-09-11T17:34:27Z,0,​@ 정말 정말 멍청하네요!! 그녀는 항상 결백했습니다.,0
465,LE SSERAFIM,Impurities,,2022-11-13T15:15:17Z,1,대박......이건 좀...멋지다.....인정,2
466,LE SSERAFIM,ANTIFRAGILE,,2022-10-17T08:36:27Z,1,이런 방탄이 세계에 대한민국 을 알렸는데 군대을 보내나 국익을 위해서도 군면제 해줘야 옳다고 본다,1
467,LE SSERAFIM,"이브, 프시케 그리고 푸른 수염의 아내",,2023-05-23T21:43:18Z,0,안무 레인(비)님이 짜신건가요???,1
468,LE SSERAFIM,Smart,,2024-07-01T04:50:10Z,0,@ The description of the channel says Republic of Korea,1
469,LE SSERAFIM,EASY,,2024-02-19T11:40:17Z,2,나만 구리다고 생각하냐.. 안티는 아닌데 이번신곡은 다 별로인거같아,0
470,LE SSERAFIM,EASY,,2024-02-19T13:02:15Z,0,인성이 개 차반이구많 ㅋㅋㅋㅋㅋ,0
471,LE SSERAFIM,ANTIFRAGILE,,2022-11-23T03:50:51Z,0,우리는 Garam을 다시 원합니다,0
472,LE SSERAFIM,ANTIFRAGILE,,2023-09-18T10:32:03Z,3,2억이 보이네요,2
473,LE SSERAFIM,FEARLESS,,2022-05-03T16:01:59Z,0,잉?,0
474,LE SSERAFIM,CRAZY,,2024-09-20T02:05:46Z,3,@-p2h 애증,1
475,LE SSERAFIM,Smart,,2024-03-05T18:35:35Z,0,사쿠라 교복상의붙잡고 흔드는거 뭐냐 ㄷㄷㄷ,0
476,LE SSERAFIM,Perfect Night,,2023-10-27T10:13:03Z,5,다섯명 모두 미모가 열일하는구나~ 노래 잘 나왔다..!,2
477,LE SSERAFIM,FEARLESS,,2022-05-02T10:32:37Z,2,엔믹스처럼 노래망한듯,0
478,LE SSERAFIM,CRAZY,,2024-09-18T03:35:21Z,15,아줌마들 악플 좀 그만다세요 그러거나 말거나 빌보드에서 잘나가는 중이니깐 ㅋㅋㅋㅋㅋㅋㅋㅋ,2
479,LE SSERAFIM,FEARLESS,,2022-06-17T14:58:36Z,3,왜 플레이가 안되는겨 아이폰인데 실시간채팅 있는 영상은 플레이가 하나도 안되는데 해결법 아시는분?,0
480,LE SSERAFIM,Perfect Night,,2023-10-27T07:14:00Z,0,신호를 바꿔서 법을 지키는 준법시민 솜브라 ㅋㅋ,1
481,LE SSERAFIM,CRAZY,,2024-08-30T16:30:46Z,8,ㅆㅏㅍㅐ버니즈에 존엄 따위가 ㅋㅋㅋㅋㅋ,0
482,LE SSERAFIM,CRAZY,,2024-09-01T11:11:47Z,8,이번노래 너무 최악이다 노래를 이번엔 너무 못만든듯 스마트는 괜찮았는데 이번엔 그냥 마케팅이랑 인기도로만 승부해야할듯 다음 노래 노리자 위버스에서 응원법도 알려줬는데 신나하는것치곤 노래가 너무...,2
483,LE SSERAFIM,CRAZY,,2024-09-09T02:50:49Z,27,남의 잔치집에 똥을 뿌리는건 한국에서도 미친 짓이라고 하죠. 가정교육을 제대로 받지 못 하셨나요?,0
484,LE SSERAFIM,ANTIFRAGILE,,2022-10-16T15:36:43Z,0,은채 SLAYED,2
485,LE SSERAFIM,Smart,,2024-04-21T06:10:42Z,2,노래 개못부르네,0
486,LE SSERAFIM,FEARLESS,,2022-05-03T13:56:57Z,3,곡에 돈을 쓰긴 한건가...?,0
487,LE SSERAFIM,"이브, 프시케 그리고 푸른 수염의 아내",,2023-07-31T12:50:33Z,0,쑥왕,1
488,LE SSERAFIM,CRAZY,,2024-08-30T04:38:12Z,2,와 좋아요 빨아주는애들 천지네,0
489,LE SSERAFIM,CRAZY,,2024-08-30T07:57:50Z,0,ㅈㄴ 잘해야 돼 난 화이팅 해,2
490,LE SSERAFIM,"이브, 프시케 그리고 푸른 수염의 아내",,2023-05-23T15:50:08Z,108,르세라핌 뮤비는 항상 표현하려는 메시지가 있는 것 같아서 너무 좋음 오묘한 예쁨,2
491,LE SSERAFIM,FEARLESS,,2022-05-02T11:22:34Z,6,엄청 고급지게 나왔는데 노래는 뭔가 확 꽂히는게 없네 자꾸들으면 좋을라나,0
492,LE SSERAFIM,CRAZY,,2024-08-31T12:46:44Z,1,@-n7d 느그 그룹이 누군데 ㅋㅋㅋㅋㅋ,0
493,LE SSERAFIM,Impurities,,2022-11-13T15:56:50Z,1,뭐야 한국인 돌려줘요,0
494,LE SSERAFIM,Perfect Night,,2023-10-27T12:19:30Z,1,키리코 미쳤다,2
495,LE SSERAFIM,"이브, 프시케 그리고 푸른 수염의 아내",,2023-05-23T22:32:51Z,5,와 진짜 미치도록 멋지다 특히 이번 뮤비는 진심 윤진이다!,2
496,LE SSERAFIM,FEARLESS,,2022-05-02T14:01:10Z,21,처음엔 별로 였는데 은근 중독성있네,2
497,LE SSERAFIM,"이브, 프시케 그리고 푸른 수염의 아내",,2023-06-25T09:56:13Z,2,이건 진짜 허윤진의 노래다 엄청 잘 어울리고 간지가 지리네,2
498,LE SSERAFIM,CRAZY,,2024-09-03T06:34:41Z,0,왠지 따라하고프게 심장이 두근두근,2
499,LE SSERAFIM,CRAZY,,2024-09-02T13:31:34Z,17,잘 모르겠으면 두번 더 들어보셈~,2
500,IVE,해야 (HEYA),,2024-05-10T11:37:45Z,4,중국사람들 중에 좋은사람들 있는데 중국인들 중에 우리나라가 중국을 표절을했다 뭐 이런 말 하는 사람들! 이런 것 좀 안하면 좋겠네요 이건 우리나라만의 문화이고 전통입니다 존중좀 해 주세요,0
501,IVE,해야 (HEYA),,2024-04-29T15:48:56Z,0,개쩐다,2
502,IVE,After LIKE,,2022-08-22T12:47:45Z,1,와우 그들은 언제나처럼 놀랍습니다.,2
503,IVE,Accendio,,2024-05-21T13:09:02Z,0,Accendio / 240521 / 10PM / 유진진자라진진자,2
504,IVE,After LIKE,,2022-08-31T17:39:00Z,5,안유진 음색 진짜 좋다,2
505,IVE,해야 (HEYA),,2024-05-11T21:01:50Z,0,뮤비인데 끝나질 않네요ㅋㅋ 240512 / 6AM / 아이원잇,2
506,IVE,Kitsch,,2023-03-28T02:40:40Z,25,이번곡 미쳤다....아이브 사랑해,2
507,IVE,해야 (HEYA),,2024-05-02T16:08:30Z,0,​@-tk8pl한국의 국립중앙박물관에 오면 진짜를 알수 있다. 한국의 전통매듭장식 선녀부채 호랑이 설화 북한의 금강산 돌바위산 자수장식 신발 담뱃대 등 전부 예전부터 한국에서 전승된 문화이다. 병원에 가서 치료를 받아라,0
508,IVE,I AM,,2023-04-10T13:29:33Z,0,와......................................... 스타쉽 어떡하려고 그래....................... 이런...... 이런 노래를 들고와버리면 다음에 어쩌려고 그래....................................,2
509,IVE,I AM,,2023-11-24T14:06:57Z,7,여러분 배디5천만뷰만듭시다,2
510,IVE,Either Way,,2023-09-27T10:15:59Z,1,그런데에 안무는 없나보넹 ㅠㅠㅠ,1
511,IVE,ELEVEN,,2021-12-07T09:45:39Z,15,아이브는 비주얼이랑 실력도 진짜 흠잡을 데 없는데 웬일로. .. 스쉽 일 잘해서 곡이 너무 쫀득쫀득하고 중독성잇음ㅜㅠㅜㅜㅜㅜ짱이브사랑해️️️,2
512,IVE,Baddie,,2023-10-26T07:37:34Z,1,26일 4PM 아이팅!!!,2
513,IVE,Baddie,,2023-10-24T11:39:02Z,1,Baddie / 231024 / 8PM / 아기안녕,2
514,IVE,Kitsch,,2023-03-27T12:58:43Z,0,부터 레이 가을이 있던 자리에만 인물 없이 폭죽 터지는데 무슨 뜻이 있는 건가?? 아무튼 리즈 분량 진심 실화냐고………….. 그렇게 욕먹고선도 아직도 정신 못차렸지 으휴ᕙ( ︡’︡益’︠)ง ᕙ( ︡’︡益’︠)ง ᕙ( ︡’︡益’︠)ง,0
515,IVE,Accendio,,2024-05-17T20:35:48Z,0,Accendio / 240518 / 5AM / 장투녕,2
516,IVE,Accendio,,2024-05-16T21:08:53Z,7,아이브 사랑해,2
517,IVE,Off The Record,,2023-10-07T15:55:10Z,1,안유진단발보고성정체성이바뀜 언니나책임질거지?,2
518,IVE,해야 (HEYA),,2024-05-10T21:37:09Z,0,노래 질리지가 않네,2
519,IVE,ELEVEN,,2022-03-03T12:24:34Z,33,우리 모두 스트리밍을 계속하자. IVE에 더 많은 업적을 제공하기 위해 최선을 다하자!,2
520,IVE,해야 (HEYA),,2024-04-29T13:32:04Z,14,역시 한국판 뮤비는 레전드다,2
521,IVE,Either Way,,2023-10-22T09:06:00Z,0,Either Way / 231022 / 6PM / 설향,2
522,IVE,해야 (HEYA),,2024-05-02T09:53:27Z,2,무대 착장 너뮤 기대된다..,2
523,IVE,Either Way,,2023-10-20T01:25:51Z,0,10시,2
524,IVE,Off The Record,,2023-10-06T07:34:09Z,110,노래 넘 짱!,2
525,IVE,해야 (HEYA),,2024-04-29T09:19:42Z,0,탈덕했지만 아이브가 아이브했다,2
526,IVE,Accendio,,2024-05-23T10:19:29Z,1,진짜 멋있다 이쁘고 사랑해요 아이브,2
527,IVE,Off The Record,,2023-10-16T00:08:09Z,0,16일 9AM 아이팅-!!!!,2
528,IVE,해야 (HEYA),,2024-04-30T11:39:10Z,2,핑핑핑들이 쿵쿵쿵 댄다는 기사 보고 왔는데 댓글이 안정적이네,0
529,IVE,Baddie,,2023-10-18T10:24:25Z,0,아이브 아이팅,2
530,IVE,해야 (HEYA),,2024-05-07T02:48:07Z,0,해야(HEYA) / 240507 / 11AM / 마이누,2
531,IVE,LOVE DIVE,,2022-04-05T11:26:33Z,4,미친...노래...뭔가 하이틴스러우면서 되게 독특해..! 안유진 미쳤어 너무 예뻐 이번 코디도 넘 취저고 전체적으로 넘 맘에 드는 노래 컨셉이다.. 대박날 각,2
532,IVE,해야 (HEYA),,2024-04-29T09:39:12Z,0,아이브 아이브 아이브 아이브 아이브 아이브 아이브 아이브 아이브 아이브 아이브 아이브,2
533,IVE,After LIKE,,2022-08-23T16:58:22Z,13,after like沢山聴いてるよ！ほんとに神曲すぎる、、、、 これからもdiveとして精一杯応援する！ 사랑해아이보 ！,2
534,IVE,After LIKE,,2022-08-27T06:10:42Z,1,속이 다 시원한 노래네요..,2
535,IVE,해야 (HEYA),,2024-05-23T15:24:29Z,5,제대로 된 중국의 나라는 한나라 송나라 뿐이며 ㅋㅋㅋㅋㅋ 중국의 나머지 역사는 전부 한국에게 지배 받은 식민지 역사뿐이다ㅋㅋㅋㅋㅋㅋ문화대혁명이 일어날수 밖에 없었던 이유이다 ㅋㅋㅋㅋㅋㅋㅋㅋㅋㅋㅋㅋ 불쌍한 중국인들 ㅜ ㅜ,0
536,IVE,Either Way,,2023-10-18T00:17:33Z,0,9시,2
537,IVE,Off The Record,,2023-10-15T04:22:36Z,1,아이브️,2
538,IVE,I AM,,2023-04-13T16:47:24Z,1,이부분 레이 목소리가 너무너무너무너무너무좋다,2
539,IVE,해야 (HEYA),,2024-04-29T15:56:31Z,63,평소에도 아이브 좋아하는데 이번에 뭐야 이갈고 나온거야??? 진짜 너무 좋다 리즈 미모 무슨일이고.. 노래랑 뮤비 진짜 미쳤다..,2
540,IVE,After LIKE,,2022-08-31T00:16:08Z,1,우리 원영이 생일 너무너무 축하해!!!!!!,2
541,IVE,Kitsch,,2023-03-27T09:39:17Z,2,원영아 노래연습좀 했니?? 너는 직업이 가수야!!! 동료들 힘빌려서 노래하려하지말고 혼자힘으로 좀 해봐 그래야 안부끄럽지 안그럼 모델이라 뭐가 다르니?? 그치?? 화이팅!!,0
542,IVE,I AM,,2023-04-21T12:45:59Z,1,오늘 뮤직뱅크 1위 축하해,2
543,IVE,Kitsch,,2023-03-27T14:16:31Z,1,너무 별로다 솔직히,0
544,IVE,해야 (HEYA),,2024-04-29T10:01:55Z,2,사랑한다 아이브,2
545,IVE,Off The Record,,2024-03-31T07:18:18Z,4,️️️매력적이야,2
546,IVE,I AM,,2023-04-11T03:21:46Z,0,2023년의 아이브의 해,2
547,IVE,Either Way,,2023-10-17T00:21:04Z,1,노래 너무 좋다,2
548,IVE,Either Way,,2023-10-07T18:50:49Z,0,근데 이거 라이브 어캐 하려나,2
549,IVE,After LIKE,,2022-09-30T08:39:34Z,1,최공!!!!,2
550,IVE,해야 (HEYA),,2024-05-01T03:16:24Z,13,중국인들은 앨범도 안사면서 피해만 주네,0
551,IVE,해야 (HEYA),,2024-05-07T13:24:32Z,1,IVE 죄고,2
552,IVE,해야 (HEYA),,2024-05-07T03:35:50Z,0,해야(HEYA) / 240507 / 12PM / 코니,2
553,IVE,I AM,,2023-04-15T03:02:13Z,2,아이브가 최고,2
554,IVE,I AM,,2023-04-11T03:37:32Z,1,아이브 사랑해16,2
555,IVE,Baddie,,2023-11-17T23:52:17Z,0,IVE최고!,2
556,IVE,해야 (HEYA),,2024-04-30T07:31:03Z,0,중국인들은 우기기만 하면 다 자기네 문화라고 착각을 한다. 전세계가 다 자기네꺼라고 우기는 중. 중국의 문화인식수준을 전 세계에 알리는중,0
557,IVE,해야 (HEYA),,2024-05-04T00:16:51Z,1,이서도 음색이 좋네,2
558,IVE,I AM,,2023-04-15T12:39:13Z,0,아는형님 본방사수중,1
559,IVE,After LIKE,,2022-08-24T11:23:07Z,1,아이브 러뷰 After LIKE 러뷰️,2
560,IVE,해야 (HEYA),,2024-06-24T08:09:59Z,5,아이브 넘 예쁘다,2
561,IVE,해야 (HEYA),,2024-04-30T17:18:38Z,0,Pay attention! 스밍하즈아아! 1위 고고,2
562,IVE,해야 (HEYA),,2024-04-29T09:14:19Z,0,세트 미쳤다,2
563,IVE,해야 (HEYA),,2024-04-29T16:36:07Z,1,와 이서 찢었다!!!!!,2
564,IVE,Kitsch,,2023-03-27T13:10:52Z,0,kitsch by ive는 어딘가에서 복사한 것처럼 들립니다. 그것은 대상처럼 들린다.,0
565,IVE,해야 (HEYA),,2024-05-02T13:44:02Z,2,@-s8l 나는 당신의 뇌에 질병이 있다고 생각합니다! 병원에 가시면 치료를 받으실 수 없기를 바라겠습니다.,0
566,IVE,After LIKE,,2022-08-22T11:13:25Z,0,가을은 언제나처럼 그녀의 비주얼 보컬 댄스 랩을 실망시키지 않았습니다. 하지만 그녀는 더 많은 대사를 받을 자격이 있습니다... 그룹은 빛났습니다. IVE 화이팅!!!,2
567,IVE,I AM,,2023-04-10T09:02:13Z,2,징짜 이 순간을 기다렸다 ㅠㅠ,2
568,IVE,해야 (HEYA),,2024-05-02T11:30:08Z,0,한 입에 널 삼킬 때야 안무 너무 매력적이에요,2
569,IVE,Kitsch,,2023-03-28T14:55:42Z,1,첨엔 하이라이트 존나 별로다가 듣다보니 또 중독됨ㅋㅋㅋ 키치키치키치,2
570,IVE,해야 (HEYA),,2024-05-07T19:41:29Z,0,@ 일단 첫줄부터 삼한족이 아니라 환웅입니다 기원전 7197 ㅋㅋㅋ 대륙너머 유라시아 시베리아 중동까지 였구요 ㅋ당신네 역사하고 비교가 되질 않아요 ㅋㅋ 첫번째 국가가 배달국 기원전 3987 이구요 한반도 북쪽과 서쪽 대륙까지 이어진 땅이었습니다ㅋㅋㅋ 그다음이 고조선 2333 입니다. ㅋㅋㅋ 정신차리세요 ㅋㅋㅋ 나머지는 읽을 필요가 없을듯하네요 시작부터 전부다 거짓이라서 ㅋㅋㅋ 저것을 한국에서는 동북공정이라 말한답니다 ㅋㅋㅋ 왜 공산당이 유튜브와 구글을 금지했는지 감이 오시나요? ㅋㅋㅋㅋ중국인은 조상신 한국인에게 무릎을 꿇고 기도를 올리길 바랍니다 ㅋㅋ,0
571,IVE,Accendio,,2024-05-20T03:37:13Z,0,아센디오 해야 둘다 좋다,2
572,IVE,Baddie,,2023-10-22T18:04:06Z,0,사랑해,2
573,IVE,Either Way,,2023-09-25T09:56:17Z,0,사란해요사란해요,2
574,IVE,After LIKE,,2022-08-22T15:32:55Z,2,아이브 이노래 중독성 쩐다.. ㅋㅋ 맨처음 티져 들었을때 오잉 했는데 뮤비보고나서 이 노래밖에 기억에 안남음 ㅋㅋ 이노래만 생각남.,2
575,IVE,I AM,,2023-04-10T21:02:01Z,0,아이브 항상 행복하고 건강해,2
576,IVE,After LIKE,,2022-08-23T08:34:22Z,1,숄더유진 본업 보러 왔어용 ㅋㅋ,2
577,IVE,해야 (HEYA),,2024-04-29T23:42:33Z,0,확실히 데뷔초의 다채로운 모습을 보여준다는게 아직까지 유지되는게 보기좋다,0
578,IVE,해야 (HEYA),,2024-04-29T14:05:03Z,49,이런 한국 전통느낌 나는거 너무 좋음 첨에 곰방대 물고 있는 안유진 무엇 너무 멋짐 아트 디렉팅 너무 잘 뽑았다!! 조선시대 진경 산수화 같은 느낌의 배경도 굿 귀걸이도 너무 매력적,2
579,IVE,Either Way,,2023-10-21T17:49:07Z,1,Either Way / 231022 / 2AM / 댕댕이내꺼,2
580,IVE,해야 (HEYA),,2024-05-10T06:09:29Z,0,해야(HEYA) / 240511 / 3PM / 녀옹임,2
581,IVE,해야 (HEYA),,2024-05-04T10:14:16Z,2,도둑 우리 중국의 물건을 훔쳐라 진짜 도둑 도둑이 끝까지 자기가 아무것도 아니야 도둑 걸그룹,0
582,IVE,Baddie,,2023-10-13T04:04:32Z,3,하 진짜 중독성 대박이네!!! 대박나자 아이브!!!,2
583,IVE,해야 (HEYA),,2024-05-02T15:36:35Z,0,​@ 취두부냄새나는 중국인이다!!!!,0
584,IVE,After LIKE,,2022-08-22T09:01:12Z,0,아이브 사랑해️️️️ 원영이 최고️️️️,2
585,IVE,해야 (HEYA),,2024-05-07T10:16:08Z,0,해야(HEYA) / 240507 / 17시 / icpuaupa (GMT+7),2
586,IVE,I AM,,2023-08-27T16:03:13Z,0,노래는 걸작인데 비해 뮤비는 좀 싼티나네,2
587,IVE,I AM,,2023-04-11T11:52:31Z,1,히야 장원영이 확실히 표정을 잘쓰네,2
588,IVE,해야 (HEYA),,2024-04-29T10:48:48Z,1,크 이번 컨셉도 미쳤다리,2
589,IVE,해야 (HEYA),,2024-04-30T03:16:38Z,6,개애애애좋다...,2
590,IVE,After LIKE,,2022-08-22T14:17:48Z,0,소녀가장 원영 ㅠ 힘내 아이브,2
591,IVE,해야 (HEYA),,2024-06-29T00:45:50Z,2,일단 노래도 대박이고 일본인 레이가 한국호랑이를 사랑하는 노래를 부르는거 인상적임..,2
592,IVE,해야 (HEYA),,2024-04-30T12:33:31Z,5,눈귀가 싹 정화된디,2
593,IVE,해야 (HEYA),,2024-05-01T07:19:23Z,2,여러분이 IVE의 영상을 얼마나 좋아하시는지 보니까 많은 분들이 중국 전통 요소를 아주 좋아하시는 것 같아요. 영상 재생량은 꽤 높지만 영상 속 중국 전통 요소의 적용과 디자인은 별로 좋지 않습니다.,0
594,IVE,All Night (Feat. Saweetie),,2024-01-19T05:14:04Z,0,신곡 나왔다!,2
595,IVE,Either Way,,2023-10-06T22:59:38Z,9,아이브 노래는 버릴게 없어,2
596,IVE,Either Way,,2023-10-23T03:30:51Z,0,23일 12PM 아이팅!!,2
597,IVE,Kitsch,,2023-03-28T12:03:35Z,1,Liz가 대우받는 방식에 너무 실망했습니다. 언제나처럼 원영이가 앞장섭니다. 정말 불공평해,0
598,IVE,Kitsch,,2023-04-04T08:23:27Z,0,@ 발작 On 성공 ^^,0
599,IVE,해야 (HEYA),,2024-05-08T09:46:21Z,17,이서의 옥구르는 목소리 매번 지리네요,2
600,aespa,Armageddon,,2024-05-27T14:13:18Z,3,아니 컨셉……… 말이 안나오네,2
601,aespa,Next Level,,2022-07-19T06:00:24Z,0,나도 신화 팬이거든 또 집안이고 그래서 아픔 알아,1
602,aespa,Savage,,2024-07-28T10:42:48Z,1,#エスパ #aespa #æspa #에스파,2
603,aespa,Girls,,2022-07-09T14:25:08Z,2,뮤비가 영웅 여자버전인가 ㅋㅋㅋㅋㅋㅋ,2
604,aespa,Black Mamba,,2020-11-18T05:23:13Z,1,데뷔전부터 인성논란 ~ 과연 살아남을수 있을까? 에스엠 박진영한테~ 많이 배워야 할듯,0
605,aespa,Armageddon,,2024-05-27T11:51:39Z,2,미쳤다………..,2
606,aespa,Savage,,2021-10-05T09:55:45Z,0,음......ㅠㅠ,0
607,aespa,Forever,,2021-02-08T02:28:47Z,38,뭐지 이 옛날 감성 노래는,0
608,aespa,Drama,,2023-11-16T15:37:01Z,1,었,1
609,aespa,Supernova,,2024-05-14T13:24:04Z,4,에스파 못 밟으시겠는데요.,2
610,aespa,Supernova,,2024-05-16T12:13:26Z,8,뮤비 개잘만들었네 뮤비보는개 왤케 재밌냑 몇번째 돌려보는거야 ㅋㅋㅋㅋ,2
611,aespa,Supernova,,2024-05-14T05:49:06Z,0,더 쎄졌어!!,2
612,aespa,Savage,,2022-03-31T13:12:41Z,34,이 소녀는 항상 관객을 사랑하게 만들 수 있습니다.,2
613,aespa,Spicy,,2023-06-06T09:47:06Z,9,내가 좋아하는 걸그룹 TRIPLE S를 응원해주세요 그들의 노래는 항상 좋습니다 한국 차트와 글로벌 차트에서 좋은 희망,1
614,aespa,Next Level,,2021-09-20T09:11:24Z,32,컴백전에 2억뷰 가즈아,2
615,aespa,Next Level,,2021-05-18T17:09:35Z,1,우리 현지인들이 곡의 곡선을 칭찬하는 동안 하드 스컬 국제 팬이 곡의 형태를 불평하고 우선 SM과 다른 회사들은 외국 팬을 기쁘게하기 위해 곡을 만들지 않고 거의 모든 곡이 아티스트를 위해 SM을한다 한국 음악의 취향에 따라 한국 사람들에게 줄 수있는 음악이 다르기 때문에 외국인이 좋아하면 SM과 음반사에게 보너스 일 뿐이니 해외 팬들에게는 뮤지션이 어떤 음악을 내든 우리 현지인들은 어느 것이 우리의 취향에 맞는지 결정하십시오. 따라서 우리 아티스트의 댓글 섹션에 대해 불평하지 않도록 국가에서 자신의 음악을 만들도록 노력하십시오,1
616,aespa,Supernova,,2024-05-26T13:49:09Z,2,하이퍼팝은 진짜 못들어주겠네 이딴 노래가 차트 일등이라니,0
617,aespa,Black Mamba,,2021-07-31T01:55:19Z,1,편집이 너무 많아 여전히 멋진 블랙핑크인 것 같아요,1
618,aespa,Supernova,,2024-05-13T15:06:15Z,1,지구인 밟으실 수 있죠? ㅎ,2
619,aespa,Drama,,2023-11-10T05:45:50Z,0,에스파 DRAMA 사랑해,2
620,aespa,Forever,,2021-02-08T06:20:40Z,2,제 생각에 이것은 올해 최고의 릴리스 중 하나입니다. 이런 콘셉트를하는 걸 그룹을 보니 참 신선하고 보컬이 너무 귀여워,2
621,aespa,Armageddon,,2024-06-06T11:58:03Z,4,노래랑 뮤비에서 돈냄새 개심하다 진짜 이건 작품급인데 완전 세련됐어 쇠맛에 힙함까지 들어갔어 ㅁㅊ 마이도아닌데 뮤비 나노단위로 끊어보고있음 숭배해야될거같음 단월드가아닌 파월드.,2
622,aespa,Spicy,,2023-06-27T11:09:07Z,3,옆에 붙어있는 외국사람 두명은 진짜 존재감 0 이다 ;;;;;,0
623,aespa,Armageddon,,2024-05-27T10:55:09Z,3,와 진짜 미쳤다... 전무후무함,2
624,aespa,Spicy,,2023-05-08T10:07:29Z,1,그동안 이수만이 문제였구만,1
625,aespa,Girls,,2022-07-10T10:05:09Z,0,그들의 컨셉입니다..,2
626,aespa,Savage,,2021-10-05T15:47:11Z,60,다 미쳤는데 이번에 윈터가 진짜 다 씹어먹네 대박이다,2
627,aespa,Next Level,,2021-05-17T09:56:55Z,0,카리나는 신이에요 너무 예뻐,2
628,aespa,Drama,,2023-11-11T10:26:26Z,2,묘하게 좋은데?,2
629,aespa,Black Mamba,,2020-11-22T05:03:42Z,16,소문난 잔치에 먹을것없다? 레드벨렚을 이을 차세대 에스엠의걸그룹 레벳으로 당분가 더 가야할듯하네요..솔직히 스테이씨에도 개인적으론 밀린다고 봅니다..,0
630,aespa,Girls,,2023-05-12T23:32:01Z,4,닝닝멌져,2
631,aespa,Girls,,2022-07-11T18:57:10Z,3,너 혼자가 아니야  외로운 사람을 위해 You not alone we always together everytime we always together when we still support aespa don&#39;t get hurt with the nonsense someone say without thinking. stay healthy and be happy.. aespa need you to support them.,2
632,aespa,Black Mamba,,2021-04-05T04:23:29Z,0,윈터,2
633,aespa,Next Level,,2021-05-24T13:59:38Z,35,91년생인 저에게 이 노래 = SES + HOT + 신화 + F(x) + EXO = 25년째 광야에서 빛을 찾는 전사의 후예 유영진 이사님,2
634,aespa,Forever,,2021-10-31T12:23:37Z,14,다 포스 있다가 이렇게 차분한 노래 있으니까 반전매력 있따아~,2
635,aespa,Supernova,,2024-05-13T13:49:01Z,0,에스파...당신은 말 그대로 최고예요 !! 우리는 너를 사랑해  .,2
636,aespa,Forever,,2021-02-05T16:21:39Z,1,잘모르겠는디 ㅋㅋㅋ 근데 원곡 유영진곡이 2000년도 나옴 ㅎ,2
637,aespa,Savage,,2022-02-13T23:27:07Z,1,이 노래 너무 좋아,2
638,aespa,Supernova,,2024-05-15T14:22:05Z,456,실력없었으면 기믹이라고 ㅈㄴ 욕 먹었을 컨셉인데 ㅋㅋㅋ 실력이 좋으니까 이런 컨셉도 소화하지 진심 멋지다,2
639,aespa,Supernova,,2024-05-13T12:35:56Z,0,카리나 데뷔초 스타일링같아요 넘이쁨,2
640,aespa,Next Level,,2021-05-18T22:30:37Z,1,노래좋네..ㅎㅎ,2
641,aespa,Drama,,2023-11-10T16:54:47Z,1,야 노래 좀 좋은거 줘라 장난치냐 지금. 에스엠 일안하냐? 뉴진스 르세라핌 아이브 치고나가는데 노래 차이가 너무 나잖아 이건. 에스파는 작사 작곡 안하냐? 직접써라 그냥.,0
642,aespa,Next Level,,2021-06-23T14:02:43Z,94,이럴수록 그리워지는 그룹 에프엑스 ㅠ NU 예삐오 들으러갑니다,0
643,aespa,Black Mamba,,2022-06-30T10:48:11Z,9,개예쁘다 진짜️️️️️‍️‍,2
644,aespa,Drama,,2023-11-10T08:11:58Z,16,4세대 아이돌 비주얼 원탑 그룹인건 확실하다.,2
645,aespa,Drama,,2023-11-10T15:31:52Z,100,요즘 다 노래 짧게 나오는데 3분 넘는 곡이라 너무 좋아요 ㅠㅠㅠ,2
646,aespa,Girls,,2022-07-08T08:29:09Z,0,에스파 진짜 멋있다,2
647,aespa,Savage,,2021-10-27T16:14:45Z,1,미쳤다,2
648,aespa,Supernova,,2024-05-13T15:36:24Z,0,아니 아이디가 이미 카리나인 사람한테 댓글보니 종교급으로 빨고 잇네 ㅇㅈㄹ 일침충 ㅋㅋㅋㅋㅋ,0
649,aespa,Next Level,,2021-05-25T11:10:12Z,17,aespa 에스파 ‘Next Level’ — 8PM KST #2 Bugs (=) #4 FLO (=) #5 Genie (=) #6 MelOn 24Hits (=) *NEW PEAK,1
650,aespa,Next Level,,2021-05-26T14:13:28Z,0,공감,1
651,aespa,Supernova,,2024-05-16T03:32:43Z,2,처음엔 병맛같았는데 자꾸 생각나버려수수수수퍼노바,2
652,aespa,Supernova,,2024-05-13T12:09:40Z,0,내가 뭘본거지,0
653,aespa,Savage,,2021-10-22T13:28:12Z,8,Oh my gosh! Don&#39;t you know I&#39;m a savage? I&#39;m a killa 너를 깰 æ 아직도 가리고 환각을 펼친 너 팰라 we holler 두렵지 않아 너 너 hit you harder 날 밀어 넣어 deep fake on me 준비가 안된 무대로 몰아넣어 fake on me Got everybody mock up to me 수치를 느끼게 멘탈을 흔들어놔 싸늘한 관중 무너져 æ 더는 널 못 참아 say no (yeah yeah) 두고 봐 난 좀 savage 너의 dirty 한 play 더는 두고 볼 수 없어 나를 무너뜨리고 싶은 네 환각들이 점점 너를 구축할 이유가 돼 I&#39;m a savage 널 부셔 깨 줄게 oh I&#39;m a savage 널 짓밟아 줄게 oh Get me get me now get me get me now (zu zu zu zu) 지금 나를 잡아 아님 난 더 savage (zu zu zu zu) Get me get me now get me get me now (zu zu zu zu) 이젠 내가 너를 잡아 now I&#39;m a savage Gimme gimme now gimme gimme now (zu zu zu zu) 너의 말이 보여 네 약점 algorithm (zu zu zu zu) 김이 김이 나 김이 김이 나 (zu zu zu zu) MA æ SYNK 방해 말고 꺼져 savage (zu zu zu zu) Mmm everybody look at me 익숙하잖니 양보해 참아야만 돼 어른스럽게 I&#39;m lockеd up in the glass 난 놀고 싶은데 너무 끔찍한 기대 그런 환각 틀에 나를 가둬 놔 I&#39;m going 광야로 game in 물리쳐 교묘한 이간질 And my æ로부터 멀어지게 만들 회심찬 네 trick Wе gone 광야로 game in 베어버려 내 빛의 검 데미지를 입은 네게 인정사정 볼 것 없는 펀치 그것 봐? 난 좀 savage 너의 재생력을 막아 흐트러놔 빼놔 잊지 말아 여긴 바로 광야 너의 시공간은 내 뜻대로 make It break it I&#39;m a savage 널 부셔 깨 줄게 oh I&#39;m a savage 널 짓밟아 줄게 oh Get me get me now get me get me now (zu zu zu zu) 지금 나를 잡아 아님 난 더 savage (zu zu zu zu) Get me get me now get me get me now (zu zu zu zu) 이젠 내가 너를 잡아 now I&#39;m a savage Gimme gimme now gimme gimme now (zu zu zu zu) 너의 말이 보여 네 약점 algorithm (zu zu zu zu) 김이 김이 나 김이 김이 나 (zu zu zu zu) MA æ SYNK 방해 말고 꺼져 savage (zu zu zu zu) 위기에 빠진 날 지켜준 건 너였어 (My nævis we love you) My victory 하나의 synk dive 모두 네가 만들어준 기회란 거 I know your sacrifices oh (My nævis we love you) 알아 우린 반드시 네 기억들을 찾아줄게 우린 만나 꼭 부활 그다음 Savage Savage Yeah Get me get me now get me get me now (zu zu zu zu) 지금 나를 잡아 아님 난 더 savage (zu zu zu zu) Get me get me now get me get me now (zu zu zu zu) 이젠 내가 너를 잡아 now I&#39;m a savage Gimme gimme now gimme gimme now (zu zu zu zu) 너의 말이 보여 네 약점 algorithm (zu zu zu zu) 김이 김이 나 김이 김이 나 (zu zu zu zu) Ma æ synk 방해 말고 꺼져 savage (zu zu zu zu),2
654,aespa,Savage,,2021-12-22T19:58:15Z,21,No puedo de parar de escuchar este temazo  나는 이 멋진 노래를 듣는 것을 멈출 수 없다  I can&#39;t stop listening to this great song,2
655,aespa,Supernova,,2024-05-13T10:03:03Z,1,왜 갑자기 퇴보 한거지?.. 카리나 벌받은건가,0
656,aespa,Drama,,2024-08-10T13:05:18Z,0,뮤비에 돈을 얼마나 쳐들인거냐 ㄷㄷㄷ 너무 재밌음,2
657,aespa,Armageddon,,2024-05-27T12:42:06Z,325,아니 이건 유튜브가 아니라 칸으로 가야겠는데 …….. 다른건 모르겠고 어찌되었건 케이팝 아니 팝 역사에 한획을 그은것만은 확실하다….,2
658,aespa,Black Mamba,,2020-11-17T10:04:42Z,0,카리나 지젤 윈터 닝닝,2
659,aespa,Forever,,2021-02-05T13:36:02Z,30,리나 목소리 넘 좋다. 블맘때랑 또 다르네. 얼굴은 원래 예뻤는데 더 예뻐지는것같노~ 리나야 사랑해~~,2
660,aespa,Next Level,,2021-11-06T01:11:35Z,1,첫..구독..했어요,2
661,aespa,Supernova,,2024-09-21T04:13:10Z,2,심장이 뛰어요!,2
662,aespa,Girls,,2022-07-08T16:32:52Z,1,1200만 뷰로 가는 길,2
663,aespa,Black Mamba,,2020-11-17T09:36:48Z,3,난 왜이리 별로지ㅋㅋㅋㅋsm답지 않고 yg따라하다 실패한 느낌인데,0
664,aespa,Forever,,2021-02-07T13:10:47Z,5,에스엠 얼마나 다른 소속사 잘되는 모습이 부러웠음 이지경 까지 가냐......옷이라도 청순하게 입히지 분위기는 90년대 청순 컨셉인데 옷은 블랙맘바...,0
665,aespa,Spicy,,2023-05-08T09:12:23Z,0,에스파는 신이예요,2
666,aespa,Black Mamba,,2020-11-17T17:43:40Z,5,언제부터인가 많은 해외 분들이 K-POP에 관심을 많이 가져주시네요. 보기 좋습니다.(한국인들 댓글이 없어서 아쉽지만..) 항상 좋은 모습 기대할게요~! 에스파 흥하시길 바랍니다~!,2
667,aespa,Supernova,,2024-05-15T01:23:31Z,15,완전 에스파 초기 감성 노래..,2
668,aespa,Spicy,,2023-05-08T10:46:20Z,2,에스파가 광야를 버리면 이렇게 상큼해집니다.,2
669,aespa,Armageddon,,2024-05-27T10:43:19Z,2,나만 아마겟돈은 아쉬운것같은 느낌드나 노래가 너무 느리고 잔잔하다해야하나?? 임팩트가없네,0
670,aespa,Supernova,,2024-05-13T20:42:36Z,5,닝이가 제일 무섭다 지젤 혼자 생파하는데 벽부시고 들어가 불질러 버림 지젤 부들 부들,1
671,aespa,Next Level,,2021-05-28T02:30:57Z,1,노래 개좋음,2
672,aespa,Spicy,,2024-08-18T13:38:35Z,0,aespa의 우주침공 아이템 지금 바로 뽑으러 가자! 1회만 뽑아도 신비로운 우주 아이템 100% 획득 #우주침공 #에스파 #aespa #ZEPETO #제페토,2
673,aespa,Black Mamba,,2021-01-17T15:05:45Z,1,大好き️사랑해요️,2
674,aespa,Next Level,,2022-05-30T17:24:57Z,43,멋있어요! 에스파의 세계관은 MZ세대의 취향 저격인 거 같아요! 다 예쁘고 너무 잘 해요! 대박!,2
675,aespa,Armageddon,,2024-05-31T10:29:43Z,3,지젤 이부분 베네게세리트 같음. 존멋.. 듄이랑 콘스탄틴 너낌 오지는 뮤비퀄 미쳤다ㅠㅠ,2
676,aespa,Black Mamba,,2020-11-18T02:40:10Z,0,닝닝 아름다운 목소리를 가지고 있습니다,2
677,aespa,Welcome To MY World (Feat. nævis),,2024-06-24T16:47:16Z,4,하 이런 서늘한 분위기 너무너무너무너무 좋음 ㅜㅜㅜㅜㅜㅜ,2
678,aespa,Forever,,2021-12-04T23:40:18Z,6,진짜 너무 이뻐...,2
679,aespa,Drama,,2024-04-26T06:46:08Z,9,다들 모해 디엠하구시퍼,1
680,aespa,Savage,,2021-10-05T09:43:14Z,0,SM이 항상 그렇지 처음 들으면 이게 뭐지? 하다가 나중엔 이것만 듣고 있어,2
681,aespa,Drama,,2024-07-09T02:43:08Z,0,내가 왜 아가씨지???,1
682,aespa,Next Level,,2021-05-17T12:59:22Z,15,와 역시 스엠 ;;;;;; 진짜 곡 너무너무너무 잘뽑는다 개힙하고 트렌디해 ;; 한 곡에 멜로디 라인이 대체 얼마나 바뀌는거야 미래지향적 + 과거의 감성 둘 다 공존해서 오묘하고 너무너무 중독성 있음 개인적으로 도입부부터 너무 좋았다 지금은 너무 낯설다는 반응 있다해도 4 walls 처럼 나중에 재조명 받는거 아닌가 몰라,2
683,aespa,Armageddon,,2024-05-27T14:32:09Z,5,진짜 돈을 덕지덕지 바른 느낌임.. 그니까 내가 대기업을 좋아하는거야..,2
684,aespa,Next Level,,2021-05-17T10:18:07Z,0,@ GG. not BG,1
685,aespa,Girls,,2022-07-09T13:22:19Z,5,에스파이팅!!,2
686,aespa,Forever,,2021-02-05T13:30:39Z,55,걍 저 빤짝이 옷 말고 잠깐씩 비춰주는 사복스탈 옷 컨셉이 훨씬 더 이 노래에 잘 어울렸을 듯...,0
687,aespa,Spicy,,2023-05-08T10:08:27Z,1,넘 좋다,2
688,aespa,Next Level,,2021-05-18T16:49:25Z,1,너 한국인을 찾나??,0
689,aespa,Girls,,2022-07-08T07:13:32Z,3,우리 리나 앞머리 내리니까 진짜 이쁘다 ㅜㅠㅠ,2
690,aespa,Girls,,2022-07-08T10:37:45Z,5,돈도 많이 들인 티나고 비주얼도 좋고 다 좋은데; 이상하게 그만큼 안 끌린다... 왤까? 소녀시대랑 샤이니 엑소 동방신기 슈퍼주니어 레드벨벳 fx는 좋은데,0
691,aespa,Drama,,2023-11-16T12:20:54Z,0,아... 이건 ... 아.. 나 xx 일본풍이.. 취향은 아닌가보다 아... 진짜 아쉬워 솔찍 다른 표현도 있을 건대..,0
692,aespa,Armageddon,,2024-05-27T11:43:03Z,1,마스터피스,2
693,aespa,Girls,,2022-07-09T03:45:16Z,3,와 뭐 1세대 smp같다 가사도....,2
694,aespa,Black Mamba,,2020-12-10T09:04:06Z,0,와!! KDA!!!,2
695,aespa,Next Level,,2021-05-20T16:53:37Z,0,생각해 봤는데 뭔가 블랙맘바의 아이가 나비스 같다,1
696,aespa,Supernova,,2024-05-13T19:48:57Z,3,개떡같다 이게 케이팝이야? 이건 뭐 영어가 더 많아. 예전 2010년대 감성 까지만 들어줄만했지 점점 정체불명의 곡들이 케이팝으로 둔갑하고있다본다.,0
697,aespa,Supernova,,2024-07-08T12:19:32Z,0,클립이 사람을 혼란스럽게 했습니까?,0
698,aespa,Next Level,,2021-05-17T12:20:40Z,0,수만이 하고싶은거 다해 이건가.....ㅋㅋㅋㅋㅋ,1
699,aespa,Savage,,2021-10-05T09:52:51Z,0,노래방에서 부르면 ㄹㅇ 개쪽팔리겠는데,0
700,tripleS,Generation,,2022-10-29T16:25:01Z,0,노래 음청 좋네요,2
701,tripleS,Generation,,2022-10-27T15:44:34Z,0,기다리고 꿈꿔왔던 노래 파트 하나하나 너무 짜릿하다,2
702,tripleS,Generation,,2022-11-16T13:49:09Z,2,뮤비가 무대보다 나은 느낌이네요. 춤과 헤메코 좀더 신경썼음 좋겠네요. 무대영상에선 몰랐는데 유연이가 보이넹. 그리고 다음등장에도 낯이 익은 한 명. 데뷰하는구나 트리플에스 좋은곡 계속 나와서 잘되면 좋겠다. 가장중요한건 노래가 좋아야함,1
703,tripleS,Rising,,2023-02-13T09:37:31Z,3,생각보다 노래가 더 좋네;,2
704,tripleS,Generation,,2022-10-28T00:25:24Z,0,김나경!!,2
705,tripleS,Generation,,2024-05-16T01:00:49Z,1,그러니까 카리나가 파손하고 닝닝이가 불내고 윈터가 날라가니까 지젤이 복구시켜주는 내용인거지.,1
706,tripleS,Generation,,2022-11-10T02:59:29Z,1,현시간 조회수 1960만 +40만만 더하면 김치삼겹살 먹방간다,2
707,tripleS,Rising,,2023-03-05T06:18:15Z,1,좋아요도 부탁해요,2
708,tripleS,Generation,,2022-11-01T15:37:12Z,22,노래 너무 좋아용~,2
709,tripleS,Rising,,2023-03-03T08:29:50Z,2,오 좋다,2
710,tripleS,Generation,,2022-11-12T11:24:44Z,2,지금 몇십장 밖에 팔지 못한거 같던데 ㅠ,0
711,tripleS,Rising,,2023-02-14T00:32:11Z,4,Wow  Triple S 너무 사랑해🫶,2
712,tripleS,Generation,,2022-11-01T14:44:11Z,15,오오 노래 좋고 컨셉 좋고 비주얼 좋고 뜰일만 남았다아ㅏㅏ,2
713,tripleS,Generation,,2022-11-10T10:41:56Z,3,2020만 ㅊㅋ,2
714,tripleS,Rising,,2023-02-13T11:20:40Z,2,코토네랑 연지는 이 프로젝트가 시작한 후에 공개가 되어서 이 노래로는 활동 안해요,1
715,tripleS,Rising,,2023-02-21T12:36:21Z,28,전체적으로 다 좋음 신인이니까 실력적인부분은 아직 부족할 수 있는거고다음 컴백때 표정이나 무대할 때 디테일 전체적인실력 단단히 갖춰서 나오면 진짜 좋을듯 1위 후보도 했고 다음컴백 때 좋은곡뽑아서 실력 단단히 갖춰서 나오면 진짜 대박날듯 특히 유빈이 진짜 잘함 중심멤으로 잡고가도 좋을듯,1
716,tripleS,Rising,,2023-02-13T11:31:49Z,2,트리플에스 Rising 노래 너무 좋네요. 진짜 귀에 계속 맴돌고 빠져듭니다!,2
717,tripleS,Generation,,2023-01-08T08:27:29Z,222,아 진짜 곡이 너무 너무 너무 너무 너무 좋아서 뭐라 할 말이 없네... 진짜 이런 곡은 처음이야. 곡이 짧지만 짧지 않은 느낌,2
718,tripleS,Generation,,2022-11-23T11:53:38Z,2,노래조타,2
719,tripleS,Generation,,2023-10-15T12:16:28Z,2,김유연,1
720,tripleS,Generation,,2022-11-19T01:33:35Z,248,뮤비도 저렴하게 잘 찍었어 괜히 세트장 소품에 돈 쓴거보다 이게 감성도 있고 예쁨,2
721,tripleS,Rising,,2023-02-15T13:17:39Z,9,티저 나올때부터 기대했는데 역시 너무 좋음.. 제너레이션도 그렇고 노래를 너무 잘 뽑는듯ㅜㅜㅜㅜㅜㅜ,2
722,tripleS,Generation,,2022-11-18T10:23:54Z,549,조회수는 사실 프로모 돌리는거라 의미없고 좋아요수를 봐야함ㅇㅇ 제너레이션 20만대 어텐션 120만대 그럼에도 불구하고 신인치고 엄청 잘나온건 마즘,1
723,tripleS,Rising,,2023-02-21T11:35:24Z,2,@-se1do 피프티피프티 노래진짜좋은데 더 알려졌으면 ㅜ,1
724,tripleS,Rising,,2023-02-14T05:46:39Z,3,너무 좋아 ㅠㅠ 지금부터 팬이 될 거야,2
725,tripleS,Rising,,2023-02-27T15:19:53Z,0,백프로 해체!!!,0
726,tripleS,Generation,,2022-11-08T03:53:11Z,1,안녕하세요 음악이 아름답습니다,2
727,tripleS,Generation,,2022-10-29T12:38:54Z,36,이 정도 퀄리티의 앨범을 두번 만들어서 두번 데뷔시켜야 하는 모드하우스에게 박수를,2
728,tripleS,Generation,,2022-12-04T07:45:09Z,1,노래 하나는 기가막히게 잘 뽑았네,2
729,tripleS,Rising,,2023-02-13T09:04:46Z,0,너무너무 좋네요!!@,2
730,tripleS,Rising,,2023-02-16T15:47:37Z,0,랄랄라 ~,2
731,tripleS,Rising,,2023-08-16T12:28:26Z,1,0:22에 나온 오른쪽 남학생 잘생겼다. 소속사는 뭐하냐 빨리 스카웃 해라!!!!!!!!!!,2
732,tripleS,Generation,,2022-11-08T07:23:53Z,9,노래 중독성 미침 ㅋㅌㅋ,2
733,tripleS,Rising,,2023-02-17T01:56:40Z,7,노래 너무 좋아요 ㅠㅠㅠㅠㅠ미치겠네 ㅠㅠ,2
734,tripleS,Generation,,2022-10-28T06:54:55Z,3,노래 좋다,2
735,tripleS,Generation,,2022-10-31T03:19:18Z,11,노래와 느낌이 되게 죠아용,2
736,tripleS,Generation,,2022-11-14T11:25:20Z,4,3000만 금방 되겠네.ㅋ,2
737,tripleS,Rising,,2023-02-13T10:35:46Z,1,뭔가 좋은데 한번만 듣고는 모르겠다,0
738,tripleS,Generation,,2022-10-31T11:43:07Z,0,당신은 멋진 청바지를 만들고 있습니다?,0
739,tripleS,Generation,,2022-10-27T17:09:00Z,5,4세대 아이돌 중에서 한국 10대의 키치함이 제일 잘 느껴지는 그룹인듯 외국의 키치함을 전부 덜어내고 지금 한국의 감성을 그대로 담았네 뮤비를 보면서 타 그룹의 카핏캣안무인가 했는데 말그대로 10대가 가장 선호하는 아이돌 안무를보고 틱톡영상을 찍는 현상을 그대로 묘사했다고 느낌,2
740,tripleS,Generation,,2023-01-14T10:10:50Z,2,진짜 아무생각 없이 멍떄리면서 혼자 부르고 있었음 ㅋㅋㅋㅋㅋㅋㅋㅋㅋㅋ,2
741,tripleS,Generation,,2022-12-22T17:25:19Z,2,노래 몹시 좋다,2
742,tripleS,Generation,,2022-11-17T10:12:16Z,8,@ I&#39;m Stay you hurt my feelings like that,1
743,tripleS,Rising,,2024-03-11T13:23:53Z,0,⁠@ 틀렸다. 뉴진스와 같은 세대지만 낮과 밤처럼 서로 반대라는 의미에서 비교된다. 그들은 서로 비슷하지도 않다.,2
744,tripleS,Rising,,2023-07-23T09:23:08Z,1,이달소 때부터 감각적이게 잘찍지 않음??,2
745,tripleS,Rising,,2023-02-13T13:48:33Z,4,패딩이 무대의상인 아이돌 첨 봐 진짜 K-고딩같은 검은색 패딩이 되게 왜 오히려 팀색이랑 잘 맞아보이지 겨울인데 따뜻하겠다 너네..ㅎ,2
746,tripleS,Rising,,2023-02-13T09:39:32Z,3,와 노래 좋다...,2
747,tripleS,Rising,,2023-02-15T03:22:53Z,6,천만,2
748,tripleS,Rising,,2023-02-26T12:08:46Z,1,유행이라는게 돌고 도는구나....90년대 인줄....,1
749,tripleS,Generation,,2023-02-26T11:11:04Z,3,노래 ㄹㅇ 좋다,2
750,tripleS,Rising,,2023-02-19T16:55:35Z,0,&#39;아련하다&#39; 딱 좋은 표현이세요.,2
751,tripleS,Generation,,2022-11-12T15:44:25Z,2,보급형 뉴진스같네 그래서 좋다,2
752,tripleS,Generation,,2022-11-07T08:48:39Z,3,노래 아주 좋아요,2
753,tripleS,Generation,,2022-10-27T22:30:53Z,15,노래 진심 너무좋은거 아닌가..  싸비는 2010년대 초반 느낌도 나고 멤버들 다 이쁘고 무조건 차트상단 올라갈듯.. 또 좋아할 걸그룹 추가,2
754,tripleS,Rising,,2023-02-15T09:15:05Z,6,우와... 진짜 대박이다... 너무너무 좋아서 공개되고 나서 계속 듣고 있어요ㅠㅠㅠㅠㅠ 대성공하자 tripleS!!!!,2
755,tripleS,Generation,,2022-10-28T12:49:19Z,3,뮤직비디오 예술이네,2
756,tripleS,Generation,,2022-10-28T04:29:25Z,124,tripleS AAA 정혜린 김나경 김유연 공유빈 ~  첫! 데뷔 축하드립니다. MV  Generation   오늘 뮤뱅 닥본사! 꼭 ~ 좋은 결과 있길. 퐈이팅,2
757,tripleS,Rising,,2023-02-15T14:12:35Z,0,우리 최고 트리플에스!!,2
758,tripleS,Generation,,2022-11-11T04:14:26Z,9,정병기가 대표인 소속사라 그럴 걱정 없으니 염려 마세요,2
759,tripleS,Rising,,2024-05-13T14:07:19Z,13,볼수록 마음에 드는 그룹이네요,2
760,tripleS,Rising,,2023-03-13T13:52:38Z,4,제발 뜨자 미친듯이 뜨자 뒤늦게 알고 헤어나오질 못하는 중 ㅋㅋㅋ,2
761,tripleS,Generation,,2022-11-07T10:34:28Z,2,랄라라 랄라라 랄라라~~노래 중독성 미쳤다.ㅋ,2
762,tripleS,Generation,,2022-10-28T10:41:56Z,2,노래 중독성 오지다.ㅋ,2
763,tripleS,Generation,,2022-11-06T16:53:19Z,2,노래 너무 좋다 ㅠ,2
764,tripleS,Generation,,2022-10-27T23:44:33Z,2,내 머리 에서: 라라라라라라라라라라,2
765,tripleS,Rising,,2023-02-13T17:04:57Z,7,좋은데….?,2
766,tripleS,Generation,,2023-09-13T05:44:26Z,2,미나우 느낌 나고 개 좋네,2
767,tripleS,Generation,,2023-08-13T17:08:33Z,25,노래 진짜 겁나 좋다 트렌디함,2
768,tripleS,Generation,,2023-08-20T11:14:11Z,19,이런컨셉으로 소수정예로 가야하는데 요즘멤버가많은게 절대장점이 아님 멤버개인들한테도 별루고,2
769,tripleS,Rising,,2023-02-13T12:00:25Z,3,뒤에 라라라 하는 게 중독성 개미친다,2
770,tripleS,Rising,,2023-02-14T06:19:13Z,6,500만왔다. 48시간안에 천만 가자!!!,2
771,tripleS,Rising,,2023-02-14T07:58:26Z,0,@-g5u y2k감성말고 ㅋ 뮤비중간중간 캠코더촬영 옥상씬 희안한모자 이런거 말한거임,2
772,tripleS,Rising,,2023-02-23T11:09:58Z,1,노래진짜 존나존나좋음... 아침에 등교할때마다 들음,2
773,tripleS,Rising,,2023-02-12T15:02:42Z,2,대박나자ㅎㅎ,2
774,tripleS,Rising,,2023-02-16T06:08:56Z,5,와 진짜 컨셉 잘잡는다….,2
775,tripleS,Rising,,2023-02-13T09:07:36Z,1,tripleS (트리플에스)  ~  10인 10색! Rising  많관부  많사부,2
776,tripleS,Rising,,2023-03-11T12:13:40Z,7,네임드가 불렀으면 상당기가 차트 상위권에서 놀 노래인데.... 안뜨는 이유는 그룹의 힘이 약하기 때문이지 다른 이유는 없음.. 그룹을 알리기 위해 사활을 걸어야 될듯~,1
777,tripleS,Generation,,2022-10-27T15:20:30Z,3,정병기 내가 낳을껄!!!ㅠㅠㅠㅠㅠ,2
778,tripleS,Rising,,2023-08-19T23:32:03Z,13,역시 성공하려면 노래가 좋아야하는구나..,2
779,tripleS,Rising,,2023-02-16T06:45:02Z,5,좋아요도 꾸준히 느네 ㅎ 잘 되야될텐데…,2
780,tripleS,Rising,,2023-03-14T11:26:54Z,0,화이트데이 최고의 선물,2
781,tripleS,Generation,,2023-12-04T22:28:57Z,4,얘네는 기획사가 무능력한것 같다. 첫 시작은 나쁘지 않았던거 같은데,0
782,tripleS,Generation,,2022-10-30T19:15:19Z,0,뉴진스랑 너무 비슷한데..? 어텐션 하입보이 쿠키 합친 영상 분위기..,0
783,tripleS,Generation,,2022-11-14T03:10:13Z,20,랄라라라라...노래 중독성 미쳤다.,2
784,tripleS,Generation,,2024-05-04T17:17:23Z,0,@ 스타일링이랑 긴생머리 교복 전부 뉴진스 22년 7월 어텐션뮤비 쿠키 무대에서 하고 있는데? 알고 떠들었고 날짜 계산 안되는 니 낮은 능지를 탓하렴,0
785,tripleS,Rising,,2023-02-13T09:25:29Z,1,...️‍파이팅,2
786,tripleS,Generation,,2022-10-27T15:17:23Z,3,잡덕으로서 타돌 까는거 아닌네 케플러 클라씨 프로듀서님아 이걸 보고 들으라구 애들 힘들게 뽑아놓고 노래가 그게 ....ㅠㅠ 트리플에스 너무 좋다 뉴진즈에 이어서 덕질할 그룹이 또 생기다니^^,2
787,tripleS,Rising,,2023-02-13T10:24:02Z,1,와 대박! 깔끔하고 군더더기없는 뮤비! 트리플에스식 스타일 생활밀착형뮤비! 중간중간 재기발랄한 먹방씬도좋구요ㅋㅋ 노래가 아우 좋네요~!! 중독성이 좔좔 세련되지만 올드스쿨도있고 트랜디하면서도 잔잔한 감성이 있는데 액션은 살아있네~ 와 이거좋다. 멤버들 동선도 잘짜여있구 이런중독성은 처음보는데.. 제너레이션 아직도 잘때듣고자야 잠든다는..,2
788,tripleS,Generation,,2022-11-16T13:49:26Z,6,와우 또 다른 훌륭한 그룹. 이 소녀들의 미래에 행운을 빕니다. 노래를 계속 스트리밍합시다! 화이팅️,2
789,tripleS,Generation,,2022-10-30T02:12:27Z,1,i love this debut!! 트리플에스AAA 화이팅!,2
790,tripleS,Generation,,2023-11-22T17:05:09Z,16,작년 최고의 노래 중 하나,2
791,tripleS,Generation,,2022-10-28T05:40:35Z,9,유연이 미모 무슨일이니...이모가 넘 기다렸당!!!데뷔축하해,2
792,tripleS,Generation,,2022-11-17T00:34:23Z,1,유연아.. 너무예버,2
793,tripleS,Generation,,2023-03-18T16:39:38Z,0,이게 좋다고?,0
794,tripleS,Rising,,2023-02-13T09:05:11Z,0,큰 거 왔 다,2
795,tripleS,Generation,,2022-11-09T12:36:05Z,3,뭐지… 너무 좋은데…….,2
796,tripleS,Rising,,2023-02-13T17:00:44Z,3,영상이 너무 예쁘당,2
797,tripleS,Generation,,2022-10-31T09:03:12Z,2,노래 너무 좋아용,2
798,tripleS,Generation,,2023-05-30T19:12:19Z,0,공유빈 아이솔레이션에 치여서 입덕했다,2
799,tripleS,Generation,,2024-09-06T13:04:00Z,3,곡이 이리 좋은데 어찌 묻혔냐,2
800,ITZY,달라달라(DALLA DALLA),,2019-04-08T09:58:01Z,1,코리안 사람 찾아요🇰🇷🇰🇷,0
801,ITZY,Not Shy,,2020-08-18T01:27:48Z,0,다른건 모르겠고 카메라 무빙 쌉지리네;; 예전 뮤직뱅크 카메라팀 데리고 왔나,2
802,ITZY,마.피.아. In the morning,,2021-05-30T00:31:43Z,0,이 댓글을 보시면 제 이름을 라파엘 라라고 말하고 브라질에서 왔으며 jyp 엔터테인먼트를 만나고 싶습니다,1
803,ITZY,달라달라(DALLA DALLA),,2019-02-18T16:09:56Z,4,채령땜에 노래를 들었는데 채령한테 너무 고맙다..좋은 곡을 찾아서ㅠㅠ게다가 멤버들 다 매력어쩔;;,2
804,ITZY,달라달라(DALLA DALLA),,2019-02-10T23:09:05Z,1,선배그룹들보다 특별한 개성이 보이지 않는다 선배그룹들보다 흥하기는 힘들고 평타만쳐도 다행일 듯 그리고 가장 중요한게 골반퀸이 없다 다 통짜몸매노 골반도 없이 아이돌을 한다고?? 꿈깨라 마 급식 메갈이나 좋아하겠노,0
805,ITZY,달라달라(DALLA DALLA),,2019-02-27T16:50:34Z,0,진짜 반한다,2
806,ITZY,WANNABE,,2020-09-20T00:15:28Z,0,신류진 미쳤냐 시발 존나멋있네 신류진 미쳤네,2
807,ITZY,CAKE,,2024-01-19T13:18:24Z,2,ITZY ITZY like that Cake cake cake cake cake It&#39;s a piece of cake cake cake cake cake Cake cake cake cake cake Yeah piece of cake cake cake cake cake (Ooh wee) La-la-la la-la-la la-la (Ooh wee) La-la-la la-la-la la 왕 하고 먹어버려 다 yeah like Cake cake cake cake cake 하늘은 참 파래 또 내 시간은 never waits 똑같은 건 뻔해 또 다른 걸 난 원해 chase (Yeah right) 어떻게 모두를 다 맞춰줘 존중해 줘 I do me you do you (You and I) 너는 너 나는 나 좋잖아 Cake cake can&#39;t wait &#39;til I bite them 어차피 인생은 내꺼 (내꺼) Bam-bam can&#39;t wait &#39;til I shoot them 뭘 그리 복잡해 매번 (매번) Shake it shake shake it shake shake it shake Bust it up bust it up bust it up 우린 너무나 바빠 yeah like my birthday Maybe 쉽지 않아 anyway 생각대로 everyday 고민 고민 대신에 나만 생각해 이제 다 괜찮아 어때? 껌이라고 난 생각해 Alright alright 왕 하고 먹어버려 다 yeah like Cake cake cake cake cake It&#39;s a piece of cake cake cake cake cake Cake cake cake cake cake Yeah piece of cake cake cake cake cake (Ooh wee) La-la-la la-la-la la-la (Ooh wee) La-la-la la-la-la la 왕 하고 먹어버려 다 yeah like Cake cake cake cake cake 장담 못 해 날씨처럼 It&#39;s up in the air 내일도 너 행복할지? Who can guarantee it so A-T-M 지금이 훨씬 중요해 Yeah your way Just live it up &#39;cause Maybe 쉽지 않아 anyway 생각대로 everyday 고민 고민 대신에 나만 생각해 이제 다 괜찮아 어때? 껌이라고 난 생각해 Alright alright 왕 하고 먹어버려 다 yeah like Cake cake cake cake cake It&#39;s a piece of cake cake cake cake cake Cake cake cake cake cake Yeah piece of cake cake cake cake cake (Ooh wee) La-la-la la-la-la la-la (Ooh wee) La-la-la la-la-la la 왕 하고 먹어버려 다 yeah like Cake cake cake cake cake Sometimes sometimes 시원한 바람을 원해 힘이 더 날지 몰라 Ooh-ooh ooh Sometimes sometimes 가끔 무관심이 편해 Ayy 누구든 들리게 말해 Ayy 쉽게 좀 생각해 like that 쉽지 않아 anyway 생각대로 everyday 고민 고민 대신에 나만 생각 해 이제 다 괜찮아 어때? 껌이라고 난 생각해 Alright alright 왕 하고 먹어버려 다 yeah like,2
808,ITZY,Not Shy,,2021-05-06T18:06:37Z,0,양갈래 잘어울리는데 할리퀸 코스프레도 해주세요,1
809,ITZY,달라달라(DALLA DALLA),,2020-03-17T07:58:11Z,0,터널씬 시작,1
810,ITZY,ICY,,2019-07-28T19:55:33Z,0,Boi계란 YES THAT DANCE I CANT STOP WATCHING,1
811,ITZY,CAKE,,2023-08-01T17:04:57Z,1,윤하 윤아 유나 레츠고,2
812,ITZY,Not Shy,,2020-08-21T15:28:03Z,0,밥먹고 할일이 그렇게 없냐 댓글 테러 할시간 있으면 자빠져 잠이나 자,0
813,ITZY,WANNABE,,2020-03-09T09:27:51Z,0,신류땡 겁나 멋져부렸다. 잘 들었냐 페미 ㅅㄲ들아 걸그룹들이 의사결정도 못하는 바보냐. 옷이 짧니 가슴이 보이니 아가리들 닥쳐라 위해주는 척하면서 졸라 제단하려는것들이. 신류진이 찢었다 진짜,1
814,ITZY,SNEAKERS,,2022-07-17T16:16:09Z,3,믿지 화이팅!!!!,2
815,ITZY,WANNABE,,2020-04-21T08:52:46Z,0,itzy is Monster rookiestop hating them,2
816,ITZY,ICY,,2019-07-29T09:32:28Z,0,좋네?,2
817,ITZY,WANNABE,,2021-02-18T14:58:28Z,0,조카짱요,0
818,ITZY,Not Shy,,2020-09-12T18:49:57Z,0,낫 시야 있지 뮤/비,1
819,ITZY,None of My Business,,2023-07-23T15:05:02Z,0,Queens의 또 다른 컴백,2
820,ITZY,WANNABE,,2021-02-16T13:27:01Z,1,미안한데 잇지멤버 보오쥐냠세맡게해줘 할고싶어,0
821,ITZY,달라달라(DALLA DALLA),,2020-08-16T09:35:45Z,0,네 다음 잼민씨 니가 컨셉을 이해 못하는거구요 맞춤법이나 더 배우고 오세용^^,0
822,ITZY,Not Shy,,2020-08-20T14:32:21Z,1,한국어 찾고 행운빌어요,2
823,ITZY,Not Shy,,2020-08-17T08:59:27Z,0,류진아ㅏㅏㅏ,2
824,ITZY,달라달라(DALLA DALLA),,2019-03-05T17:13:42Z,0,유나~ 언니들은 말해 내가 철들면 ?,2
825,ITZY,ICY,,2019-07-29T02:56:33Z,0,동감 무대장난아니죠,2
826,ITZY,WANNABE,,2020-09-14T07:23:21Z,0,2억뷰 축하해!,2
827,ITZY,ICY,,2019-08-04T13:58:54Z,0,있지 언니들 매력에 빠져서 좋아하게 됩습니다.️ 있지 화이팅!️️,2
828,ITZY,Not Shy,,2020-08-17T09:27:04Z,0,@-k9y 한국인들 더모이세요 ㅠㅠㅠ,2
829,ITZY,달라달라(DALLA DALLA),,2019-03-30T08:03:04Z,1,4달라,1
830,ITZY,달라달라(DALLA DALLA),,2019-02-14T15:11:20Z,2,노래노무좋노,2
831,ITZY,달라달라(DALLA DALLA),,2019-02-11T09:31:12Z,4,다른건 모르겠고 노래는 좀 근본이없어보인다 . . .읍읍.,0
832,ITZY,CAKE,,2024-07-22T07:52:56Z,1,Itzy 노래 구렸었는데 이번 곡은 괜찮네,1
833,ITZY,BET ON ME,,2023-07-02T20:18:21Z,0,금발의 리아는 대단합니다! 그녀의 보컬은 평소처럼 귀에 천국입니다 !,2
834,ITZY,Not Shy,,2020-12-30T13:56:17Z,0,마약골똥들은다듬어도행동불량망령이면대가리조패면마약쏙빠지고누렇고시컿멓게되고누런눈알로불면증처럼된다.잠아무리자봐라!@ / 실시!,1
835,ITZY,BET ON ME,,2023-07-04T23:28:24Z,6,예지  리아  류진  채령  유나,1
836,ITZY,달라달라(DALLA DALLA),,2020-07-28T01:00:43Z,2,축하합니다ㅏㅏ 당신은 한국 댓글을 찾았습니다ㅏㅏ,2
837,ITZY,마.피.아. In the morning,,2021-04-30T04:07:21Z,0,itzy I love youuuu터키 한국,2
838,ITZY,ICY,,2020-05-24T13:13:57Z,0,@-b3u IT&#39;S FINE,?
839,ITZY,CAKE,,2023-07-31T09:35:19Z,1,넌 너무 아름다워 그래서 itzy,2
840,ITZY,WANNABE,,2020-03-09T10:30:04Z,10,이제서야 좀 힘이 덜 들어간 시선 처리 표정이 보기 좋네요. 멤버들 너무 카리스마 이미지가 중복돼서 별로였는데 이제 좀 나아진거 같아요.,2
841,ITZY,WANNABE,,2020-03-09T15:09:49Z,1,도입부가 미쳤습니다 진영오빠,2
842,ITZY,ICY,,2019-07-28T16:45:55Z,0,이게뭔노래야,2
843,ITZY,마.피.아. In the morning,,2021-07-21T14:36:41Z,0,내가 제일 좋아하는 노래,2
844,ITZY,Not Shy,,2020-08-19T10:14:41Z,13,Part 말해봐 다 어서 다 &#39;cause i&#39;m not shy like a spell. I can&#39;t stop singing it. Omg. Always have magic.,?
845,ITZY,CAKE,,2023-08-09T03:27:46Z,0,있지 너무아쉽네~ 요즘유나레젼드찍고 작사 작곡 포퍼먼스 만 좀더 신경썼더라면 있지충분히 1위할수있는 그룹인데 갈수록 노래가 뭔가 있지랑 맞지가 않는거 같아 팬으로써 참 아쉽네,0
846,ITZY,달라달라(DALLA DALLA),,2019-02-13T16:15:22Z,0,좋다 ... 진짜루,2
847,ITZY,SNEAKERS,,2022-07-26T18:31:38Z,1,ㅈ나이쁘다..,2
848,ITZY,달라달라(DALLA DALLA),,2019-03-29T01:24:49Z,0,다 좋은데 눈이 너무 아픔 ㅠㅠ,0
849,ITZY,ICY,,2024-08-15T10:15:43Z,1,한국이 제일 하얘,1
850,ITZY,LOCO,,2021-09-30T17:30:20Z,0,?? 나만 ㅈㄴ좋냐. 한국인들 반응 개별로길래 보러왔데 좋은디,2
851,ITZY,UNTOUCHABLE,,2024-01-08T09:39:27Z,2,아~ 한국어댓글이 보고싶당~ 한국 믿지들은 다 어디있는거얌.. 앨범 전곡 들었는데 너무 좋다. 언넝 Dance practice 영상도 보고프당.,1
852,ITZY,ICY,,2019-07-28T16:05:29Z,6,뮤비가 좀 오글ㄹ거린다해여하나ㅏ ....그냥 jyp의 미국 진출하고싶어 찍은무비같음,0
853,ITZY,달라달라(DALLA DALLA),,2019-02-11T12:46:45Z,0,노래가 왤케 지루하지,0
854,ITZY,달라달라(DALLA DALLA),,2019-02-11T02:16:58Z,0,특별하니까 얏이랑 채령파트 뺐으면 그나마 괜찮았을듯... .뮤비도 차 위에 올라간것만 빼면..그나마..괜찮았을텐데 깬다 깨..,0
855,ITZY,WANNABE,,2020-03-11T08:55:03Z,2,먼가 옛날로 돌아간 느낌 난다,0
856,ITZY,마.피.아. In the morning,,2021-05-01T10:40:50Z,4,I&#39;M SO SICK OF THIS CONCEPT BUT 마.피.아. In The Morning SOTYYYYY!!!!!!!!!!!!!!!!,2
857,ITZY,마.피.아. In the morning,,2021-05-02T01:07:55Z,32,Jyp는 귀여움 아니면 마이웨이 투툴인 듯 이런 힙합류는 yg 발끝도 못보네 ㅋㅋㅋ,0
858,ITZY,달라달라(DALLA DALLA),,2019-02-13T05:59:00Z,1,이새끼 진짜 잘하네,2
859,ITZY,CAKE,,2023-08-08T07:49:58Z,9,젠장 이거 너무 좋다,2
860,ITZY,WANNABE,,2020-03-10T10:44:25Z,0,매곡마다ㅜㅜㅜ 예지는정말 높게묶은양갈래가제일어울리는것가터..,2
861,ITZY,달라달라(DALLA DALLA),,2019-02-11T23:43:06Z,0,유니크하네..,2
862,ITZY,ICY,,2019-07-29T17:12:24Z,0,또 미국갈려는거 아니지?!!,0
863,ITZY,Not Shy,,2020-09-22T09:54:10Z,0,예지 노무 노무 예쁘.,2
864,ITZY,SNEAKERS,,2022-07-15T12:05:59Z,0,뮤비에서 귀엽게 해놓고 또 무대의상 깜짝 놀래킬거징! 다 알앙!,2
865,ITZY,달라달라(DALLA DALLA),,2019-02-11T14:06:58Z,3,첨보는 그룹이다.,1
866,ITZY,마.피.아. In the morning,,2021-05-01T04:46:00Z,0,노래가 성의가 너무 없다 ㅋㅋㅋㅋㅋㅋㅋ,0
867,ITZY,마.피.아. In the morning,,2021-04-30T13:22:28Z,1,노래 뮤비 안무 무엇보다 미모들이 대박이다,2
868,ITZY,BET ON ME,,2023-08-23T15:05:03Z,5,. &#39;KILL MY DOUBT&#39; spends its 2nd consecutive week on Billboard Top Current Album Sales Chart at #13!  #ITZY_KILLMYDOUBT #있지,?
869,ITZY,마.피.아. In the morning,,2021-04-30T07:33:32Z,9,맬로디는 내스타일 근데 가사가 띠용스러운 부분들이 몇 개 있어서 아쉽다... 근데 워낙 있지가 잘 소화한듯 암마마마마마피아 유나가 찰떡인듯,2
870,ITZY,UNTOUCHABLE,,2024-01-08T16:08:24Z,3,이건 히트곡이니까 인기가 있어야지,2
871,ITZY,Boys Like You,,2022-10-21T16:18:43Z,1,와 너무 아름다와요,2
872,ITZY,마.피.아. In the morning,,2021-04-30T10:33:50Z,0,마피아보다 스파이느낌이네ㅋㅋㅋ,0
873,ITZY,Not Shy,,2020-08-17T09:08:10Z,0,챌영,2
874,ITZY,ICY,,2019-07-28T17:58:41Z,0,누나들 사랑해️,2
875,ITZY,SWIPE,,2022-04-18T15:07:41Z,1,ITZY 언제 컴백해요 2팀이 일 그만둬도 되나요?이런 식으로 ITZY의 트렌드는 점점 줄어들고 있습니다 컴백한지 6~7개월 정도 된거 같아요 다른 그룹 같은 밴드 콘서트는 IG에 없어요 레이블 개인적으로 모델 같은 직업은 없고 시리즈도 없고 2팀과 jyp가 단체 작업을 많이 해야 할 것 같아요. ITZY 번영의 길을 막지 마세요!!! 캠프백 제공 더 이상 빨지 마세요.,0
876,ITZY,SNEAKERS,,2022-07-22T13:55:34Z,0,스밍 열심열심,2
877,ITZY,LOCO,,2021-09-26T08:33:15Z,0,잇지 퍙생 사랑해,2
878,ITZY,달라달라(DALLA DALLA),,2019-02-10T23:22:11Z,0,제일 처음 의상이 더 이쁜거 같은데,0
879,ITZY,WANNABE,,2020-06-08T05:56:42Z,1,@ me too!,1
880,ITZY,Not Shy,,2020-08-29T00:57:20Z,1,리아님은 지금도 충분이 멋지세요!!!,2
881,ITZY,UNTOUCHABLE,,2024-01-08T09:33:19Z,1,그래 이거지 이게 있지지!!! 속이 다 시원하네,2
882,ITZY,WANNABE,,2020-09-07T13:36:58Z,2,2억까지 하루남았다 있지 ㅊㅊ,2
883,ITZY,달라달라(DALLA DALLA),,2019-02-13T03:49:47Z,1,실종자 : 한국인분들,0
884,ITZY,달라달라(DALLA DALLA),,2019-03-01T03:23:26Z,1,저 사이에 아줌마 한명 껴있는거같은데,0
885,ITZY,달라달라(DALLA DALLA),,2019-02-13T04:26:42Z,0,차민현Char Min Hyun no she’s Chaeryeong,1
886,ITZY,Not Shy,,2020-08-17T09:22:14Z,0,ITZY AND MIDZY!!! 화이팅!,2
887,ITZY,달라달라(DALLA DALLA),,2019-02-10T15:12:22Z,1,나는이 노래를 아주 좋아했다.️,2
888,ITZY,달라달라(DALLA DALLA),,2019-02-11T10:51:24Z,0,블핑 느낌~ 조으다~,2
889,ITZY,달라달라(DALLA DALLA),,2019-08-15T06:11:05Z,4,안녕하세요 멕시코 사람이고 음악을 좋아합니다. 노래도 매우 아름답습니다. 언젠가 직접 만나기를 바랍니다.,2
890,ITZY,WANNABE,,2020-03-09T18:32:49Z,0,리아 진짜 최고 너무 예쁨 완전 공주님 같음,2
891,ITZY,WANNABE,,2020-03-09T22:00:31Z,1,그들은 항상 그 상징적 인 손 제스처를 가지고 있습니다  ️  ️,2
892,ITZY,마.피.아. In the morning,,2021-05-01T09:11:40Z,1,와 진심 좆구림ㅋㅋㅋㅋㅋ,0
893,ITZY,WANNABE,,2021-05-12T09:47:59Z,2,Ryujin 어깨 힘이 너무 많아 나는 그녀의 어깨 춤을 봤어 이제 내 어깨가 아파,0
894,ITZY,달라달라(DALLA DALLA),,2019-02-11T13:02:05Z,0,카네키 별로,0
895,ITZY,마.피.아. In the morning,,2021-05-02T10:53:23Z,0,아형리미티드 [FULL] ITZY 댄스 메들리 l 채령(CHAERYEONG)이 때문에 비온다.. 내 심장마&#39;비&#39;️ kopyala yapıştır ne yazdığını haberım bıle yok,?
896,ITZY,WANNABE,,2020-05-01T14:08:21Z,0,댓글,3
897,ITZY,Not Shy,,2021-01-06T02:45:18Z,0,뺭:~ 샤이... 올:-랏:~샤이...나~가모를리앙으로모를껀그것도하나만샤이모를따너들만사이처형처리객체종귀탠지알아보고놀리든... / 실시!@,333
898,ITZY,ICY,,2019-07-29T01:02:36Z,3,ㅎ..한국인들..?,3
899,ITZY,달라달라(DALLA DALLA),,2019-02-11T18:24:34Z,0,뭐가 다르다는거지? 흔하고 흔한 뻔하고 뻔한 멜로디(블랙핑크곡+트와이스곡)믹스 .. 달라달라가 아니고 따라따라 아닌가 아쉽네요ㅠ,...
,,,,,,,0